Date,Close,Absolute Change,Percentage Change,RSI_14,SMA_50,Bollinger_Width,Target_Next_Day_Up
2020-03-12,1377.18,-45.91,-3.23,45.31068978446144,1352.786,23.620707716366926,0
2020-03-15,1313.04,-64.14,-4.66,39.846801551705,1355.6568,24.295099647092474,1
2020-03-16,1316.39,3.35,0.26,40.25205307377299,1358.6603999999998,24.849582232906478,0
2020-03-17,1272.06,-44.33,-3.37,36.72608650191889,1360.4553999999998,26.71511386782709,0
2020-03-18,1255.8,-16.26,-1.28,35.49780162310982,1361.5575999999999,29.135025364741658,1
2020-03-19,1269.3,13.5,1.08,37.37064015440668,1362.6052,30.991752175312037,0
2020-03-22,1251.45,-18.2,-1.43,35.886922804832835,1363.4422,33.06741070294518,0
2020-05-12,1226.15,-25.3,-2.02,33.83636808732382,1363.7030000000002,35.493046895276144,0
2020-05-13,1201.57,-24.58,-2.0,31.927623674984773,1362.62,37.71919300341162,0
2020-06-29,1188.7,-12.87,-1.07,30.943356919975514,1360.9768,39.72326758367524,1
2020-06-30,1260.75,72.05,6.06,41.766622638992814,1360.9242,39.35675835602065,1
2020-07-01,1336.52,75.77,6.01,50.54494512625437,1361.97,36.710061397978826,0
2020-07-02,1256.11,-80.41,-6.02,43.11675400785718,1360.8876,32.59858333685594,1
2020-07-05,1265.45,9.35,0.74,44.14358715255968,1359.3236,28.22523968699618,1
2020-07-06,1298.73,33.28,2.63,47.76203940146,1358.9560000000001,25.751186601670756,1
2020-07-07,1336.66,37.93,2.92,51.609663654319014,1359.2797999999998,22.012219618555097,0
2020-07-08,1326.53,-10.13,-0.76,50.5390209774371,1359.542,19.961821520383364,1
2020-07-09,1331.27,4.57,0.34,51.05071862694569,1360.2179999999998,17.710239457844008,1
2020-07-12,1340.29,9.19,0.69,52.06696388291962,1361.4902000000002,17.588603669644833,1
2020-07-13,1342.4,2.11,0.16,52.316355729829944,1362.3258,15.473157581964244,1
2020-07-14,1347.44,5.04,0.38,52.94611642403272,1363.1516000000001,14.781627390583543,1
2020-07-15,1362.34,14.9,1.11,54.84480714746717,1364.2807999999998,15.530976442054465,1
2020-07-16,1394.77,32.43,2.38,58.74659718922754,1365.6686000000002,16.97017017266989,1
2020-07-19,1479.03,84.26,6.04,66.77874093207082,1368.3164000000002,20.827700882233515,0
2020-07-20,1464.94,-14.09,-0.96,64.51661142166327,1370.6326000000001,22.953764661384902,0
2020-07-21,1449.94,-15.0,-1.02,62.10466096158003,1372.8906000000002,24.239247699085062,0
2020-07-22,1432.44,-17.5,-1.21,59.31842484458786,1374.6922,24.556736975186826,1
2020-07-23,1442.61,10.13,0.71,60.429473650579055,1376.8706,24.235012337381587,1
2020-07-26,1465.1,22.4,1.55,62.84601360748907,1379.7728,23.213903075150156,0
2020-07-27,1462.48,-2.62,-0.18,62.36817448401402,1382.5372,20.999000270432656,0
2020-07-28,1454.89,-7.59,-0.52,60.92303207006651,1384.8074,20.18201048288997,0
2020-07-29,1431.52,-23.36,-1.61,56.57610568816221,1386.5184,20.15507136748446,1
2020-07-30,1439.06,7.53,0.53,57.62659457147468,1388.4078,18.404921174873742,0
2020-08-02,1396.28,-42.78,-2.97,50.20549791330938,1389.0539999999999,16.28808603071638,1
2020-08-03,1403.86,7.59,0.54,51.39975197444009,1389.1663999999998,14.820448356930763,0
2020-08-05,1382.66,-21.2,-1.51,47.93687999899475,1388.8194,14.198056386357827,0
2020-08-06,1381.37,-1.29,-0.09,47.72617706010104,1388.3418,13.288109977199342,1
2020-08-09,1392.68,11.31,0.82,49.80914691256842,1387.504,12.300928224926867,1
2020-08-10,1430.41,37.74,2.71,56.09446015872478,1386.0294000000001,11.343905702252709,0
2020-08-11,1423.81,-6.61,-0.46,54.8016411539173,1384.4620000000002,10.211611942175534,1
2020-08-12,1425.32,1.51,0.11,55.056851889919876,1382.0646,8.986276467443169,0
2020-08-13,1408.79,-16.53,-1.16,51.62063768372231,1378.3178,8.087920871579628,0
2020-08-16,1391.46,-17.33,-1.23,48.22258773570835,1373.5035999999998,8.14469854168179,1
2020-08-17,1402.21,10.75,0.77,50.40356644392545,1369.7205999999999,7.605330485447019,1
2020-08-18,1407.89,5.68,0.41,51.56447927775448,1367.9724,7.201386408470823,0
2020-08-19,1391.29,-16.6,-1.18,48.026353911973175,1365.6047999999998,7.1890008885685805,1
2020-08-20,1397.57,6.28,0.45,49.43976313100901,1364.7322,7.244624765309014,1
2020-08-23,1410.34,12.77,0.91,52.28152219109624,1364.225,7.059750723266527,1
2020-08-24,1431.6,21.26,1.51,56.64994670397414,1365.8708000000001,6.385163145107593,1
2020-08-25,1440.94,9.34,0.65,58.44957186479403,1366.2278,5.839291854238505,1
2020-08-26,1462.03,21.1,1.46,62.25948146017211,1367.9247999999998,6.059587572163895,0
2020-08-27,1458.04,-4.0,-0.27,61.11768920619115,1370.8248,6.584012179587127,1
2020-08-30,1462.67,4.64,0.32,61.98882462321032,1373.7504000000001,7.081160515399837,1
2020-08-31,1484.99,22.31,1.53,65.94938343230716,1378.009,8.141392791749947,1
2020-09-02,1510.57,25.58,1.72,69.82929366989214,1383.1044,9.76035859458725,0
2020-09-03,1510.42,-0.15,-0.01,69.77908284489598,1387.9268,10.62505838351608,0
2020-09-06,1499.97,-10.45,-0.69,66.20737605825646,1392.8972,10.859110943291377,0
2020-09-07,1487.81,-12.17,-0.81,62.216587685996146,1398.1303999999998,10.84750279205299,1
2020-09-08,1495.15,7.35,0.49,63.641238945262266,1404.0020000000002,11.25575462552866,1
2020-09-09,1508.2,13.05,0.87,66.08941058352308,1410.392,11.747702130101791,1
2020-09-10,1520.69,12.49,0.83,68.29012612816533,1415.5908000000002,12.346879371947095,1
2020-09-13,1537.25,16.56,1.09,70.97930085425942,1419.6054000000001,12.89233837161091,1
2020-09-14,1540.51,3.26,0.21,71.49184997512725,1425.2934,12.900194808319945,0
2020-09-15,1536.03,-4.47,-0.29,69.67079324785294,1430.705,12.755796425032202,1
2020-09-16,1541.4,5.36,0.35,70.63630722646187,1435.5584,12.567678750252846,1
2020-09-17,1572.18,30.78,2.0,75.45880683572638,1440.2688,12.272500066050238,1
2020-09-20,1575.18,3.0,0.19,75.87469039078381,1445.2418000000002,11.752060383197882,0
2020-09-21,1569.06,-6.12,-0.39,73.15128142413695,1449.9976000000001,11.022469392393221,0
2020-09-22,1546.15,-22.91,-1.46,63.90421856123869,1454.1147999999998,10.177606399244835,1
2020-09-23,1555.52,9.37,0.61,65.80795213728311,1458.3772,9.424272432836437,1
2020-09-24,1561.27,5.74,0.37,66.95956988885973,1462.6538,9.040278574887429,1
2020-09-27,1565.55,4.29,0.27,67.82816947456188,1466.7179999999998,8.39349672034068,0
2020-09-28,1560.83,-4.73,-0.3,65.77457407325755,1470.0392,7.538539862903358,0
2020-09-29,1553.62,-7.21,-0.46,62.65402024046081,1471.531,6.998660978734887,0
2020-09-30,1550.43,-3.19,-0.21,61.269004964341136,1473.2407999999998,6.836509642512356,1
2020-10-01,1571.04,20.61,1.33,66.43201413235829,1475.6628,6.818696637998347,1
2020-10-04,1585.75,14.71,0.94,69.55180288781263,1478.7290000000003,6.728689868399678,0
2020-10-05,1582.12,-3.63,-0.23,67.87535275294158,1481.5192000000002,6.014726433856535,1
2020-10-06,1586.29,4.17,0.26,68.80554718042669,1483.943,5.306800326432023,1
2020-10-07,1600.97,14.68,0.93,71.89123390155191,1486.7128,5.074190869755938,0
2020-10-08,1589.63,-11.34,-0.71,66.42512218261365,1489.4076,4.733657705043782,0
2020-10-11,1576.27,-13.37,-0.84,60.58102695308023,1492.3026,4.500029125463895,1
2020-10-12,1578.01,1.74,0.11,61.06152468050389,1495.0816,4.281397661063965,0
2020-10-13,1568.59,-9.42,-0.6,57.00995712680943,1498.5278,3.851040399860601,0
2020-10-14,1561.17,-7.42,-0.47,53.972132463649984,1501.674,3.5232463794480195,1
2020-10-15,1562.46,1.29,0.08,54.426797984647344,1505.27,3.5503650287332613,0
2020-10-18,1556.8,-5.66,-0.36,51.9997208266986,1508.7786,3.6115678942869573,1
2020-10-19,1570.38,13.58,0.87,56.95902679168979,1512.3325999999997,3.6121409301977248,1
2020-10-20,1583.6,13.22,0.84,61.165439691670336,1515.3964,3.4282818508114787,1
2020-10-21,1597.71,13.94,0.88,65.08731117043942,1518.8744,3.6002004988142358,1
2020-10-22,1606.25,8.54,0.53,67.24350561476987,1522.4930000000002,3.960112344386678,1
2020-10-28,1647.45,41.2,2.57,75.20081247738969,1527.2662,5.556579918602419,0
2020-10-29,1645.67,-1.78,-0.11,74.36035142560465,1532.3504,6.514089867422605,0
2020-11-01,1640.95,-4.72,-0.29,72.06050395273273,1537.1252,6.965022526281019,0
2020-11-02,1637.63,-3.33,-0.2,70.4109052844085,1541.72,7.093808723857569,1
2020-11-03,1643.03,5.4,0.33,71.5516246923806,1546.7548000000002,7.475456246641464,0
2020-11-04,1640.64,-2.39,-0.15,70.2605612270051,1551.6162,7.817588172785158,0
2020-11-05,1636.17,-4.47,-0.27,67.7966194745668,1556.1328,7.996722994855027,1
2020-11-08,1648.58,12.49,0.76,70.85270829068462,1560.4723999999999,8.322942304889194,1
2020-11-09,1652.8,4.22,0.26,71.83163787998896,1564.7096000000001,8.705590710778063,1
2020-11-10,1678.79,25.98,1.57,76.96324176008342,1569.0448000000001,9.433171088931493,1
2020-11-11,1707.67,28.89,1.72,81.08648823488625,1574.0374,10.486707674291402,1
2020-11-12,1718.49,10.82,0.63,82.36035095267465,1579.1538,11.471263336275896,1
2020-11-18,1741.81,23.32,1.36,84.74511473601187,1584.2902,12.52216309271687,1
2020-11-19,1778.12,36.32,2.08,87.56421762587946,1589.6412,13.915702866047358,1
2020-11-22,1782.81,4.69,0.26,87.87587937729674,1595.0890000000002,14.827465088226107,0
2020-11-23,1780.43,-2.38,-0.13,86.68857773363048,1600.6982,15.041890734000987,1
2020-11-24,1810.11,29.68,1.67,88.73300278867114,1607.1442000000002,15.702988086599964,1
2020-11-25,1874.81,64.7,3.57,91.71882408907398,1614.7374,17.669296516438408,1
2020-11-26,1893.24,18.43,0.98,92.34142444445209,1622.4382,19.469942208902268,1
2020-11-29,1968.27,75.02,3.96,94.24002054009456,1631.3898,22.518728639439253,1
2020-11-30,1997.05,28.79,1.46,94.77508302543049,1640.5857999999998,25.636989488264007,1
2020-12-01,2000.4,3.35,0.17,94.8352244514122,1649.7836000000002,27.79726738329082,1
2020-12-02,2071.02,70.62,3.53,95.90524054821965,1660.4834,30.58087787045485,0
2020-12-03,2055.45,-15.57,-0.75,91.40876454219115,1670.7644,31.977030634616217,0
2020-12-06,1932.11,-123.34,-6.0,65.29326479351465,1677.9630000000002,31.197294181101515,1
2020-12-07,2004.39,72.28,3.74,70.59512965393107,1686.5472,30.747911189499778,0
2020-12-08,1995.35,-9.04,-0.45,69.17188528586934,1695.0729999999999,29.620007737692696,0
2020-12-09,1955.75,-39.6,-1.98,63.16445264822479,1703.265,27.90198084513354,1
2020-12-10,1964.02,8.27,0.42,63.87015314765596,1711.435,25.85803740170047,1
2020-12-13,2010.45,46.43,2.36,67.62073107584521,1720.4186,24.184745000395324,1
2020-12-14,2067.17,56.72,2.82,71.51140887543401,1730.451,23.17530215411526,0
2020-12-15,2061.41,-5.75,-0.28,70.58386469191746,1740.4626,21.70413164777748,0
2020-12-16,2055.22,-6.2,-0.3,69.53999384482461,1750.4946,20.058925388429007,0
2020-12-17,2032.51,-22.7,-1.1,65.70094097226,1760.1362,18.44889733270074,0
2020-12-20,1935.63,-96.88,-4.77,52.40879018645896,1767.4279999999999,16.386854733883055,1
2020-12-21,1965.96,30.33,1.57,55.44769312775867,1775.0322,13.673274799652377,1
2020-12-22,2061.41,95.46,4.86,63.37395347146711,1784.618,11.446982600998707,1
2020-12-23,2068.45,7.04,0.34,63.88431207229727,1794.2612,10.390426749849418,0
2020-12-24,2038.63,-29.83,-1.44,60.06631122293033,1803.0144,9.098466339753632,0
2020-12-27,1998.65,-39.98,-1.96,55.294901401493355,1811.1948000000002,8.896101913975876,1
2020-12-28,2007.29,8.57,0.43,56.106372154080475,1819.8152,8.867376102263055,1
2020-12-29,2012.89,5.57,0.28,56.6555440929971,1828.5128,8.843133075709693,1
2020-12-30,2062.06,49.17,2.44,61.24094115477594,1838.3822,8.74046253961143,1
2020-12-31,2087.27,25.21,1.22,63.37998288078014,1848.9042000000002,9.128634379576916,1
2021-01-03,2175.39,88.12,4.22,69.67903712560124,1861.1628,10.605049970747627,0
2021-01-04,2169.04,-6.36,-0.29,68.76116130729507,1873.4075999999998,12.093522583458512,0
2021-01-05,2165.49,-3.54,-0.16,68.22011610154948,1885.3098,13.078357601364907,1
2021-01-06,2178.57,13.07,0.6,69.18229261511553,1897.2092000000002,13.542957580762424,1
2021-01-07,2194.48,15.91,0.73,70.3578901763548,1909.1445999999999,14.020265224318774,1
2021-01-10,2235.72,41.24,1.88,73.21058158983874,1921.734,15.368722158474801,1
2021-01-11,2239.42,3.7,0.17,73.45738837000842,1933.5734,16.695514863771617,1
2021-01-12,2267.73,28.31,1.26,75.33015254799697,1946.0146,18.16942891546972,1
2021-01-13,2286.54,18.81,0.83,76.51578245442232,1958.9264,19.562255088604715,1
2021-01-17,2315.0,28.46,1.24,78.22126076261435,1972.4738,20.863620145388783,1
2021-01-18,2332.31,17.31,0.75,79.2101949215971,1986.2594,20.69632147265525,0
2021-01-19,2326.9,-5.57,-0.24,78.01781864382595,1999.9846,20.35081081677204,1
2021-01-20,2342.76,15.87,0.68,79.01512641633647,2014.1164,21.001375687383923,1
2021-01-21,2374.64,31.87,1.36,80.89175777153432,2028.6376,21.780390137176237,1
2021-01-24,2424.84,50.2,2.11,83.40794461693443,2044.0783999999999,22.4953700046115,1
2021-01-25,2440.87,16.04,0.66,84.12673602429959,2059.32,22.235980519718556,0
2021-01-26,2423.09,-17.79,-0.73,79.98761293080548,2073.6284,21.207142633008516,1
2021-01-27,2441.85,18.76,0.77,81.04719259117905,2088.0956,19.83401520445391,0
2021-01-28,2425.29,-16.55,-0.68,77.16338103797133,2101.7652,18.530492278162473,0
2021-01-31,2370.54,-54.75,-2.26,65.91670605077435,2113.6136,16.705761569845095,1
2021-02-01,2408.24,37.7,1.59,69.24119065714684,2126.1222,16.188064360037913,1
2021-02-02,2473.73,65.49,2.72,73.98775087063197,2139.9882000000002,15.959471512432453,0
2021-02-03,2466.92,-6.81,-0.28,72.73089575917771,2153.1244,15.159807720139714,1
2021-02-04,2475.26,8.34,0.34,73.32844991184453,2165.1334,14.223839123501042,1
2021-02-07,2524.0,48.74,1.97,76.56102858737,2177.7486,13.71389733130258,1
2021-02-08,2561.47,37.48,1.48,78.6984712402211,2189.6126,13.971694329975993,0
2021-02-09,2534.37,-27.11,-1.06,73.47941593607386,2200.359,13.393662818745938,1
2021-02-10,2543.03,8.66,0.34,74.07117074406592,2211.2116,12.966410128880792,0
2021-02-11,2526.92,-16.11,-0.63,70.90176326420352,2220.3296,12.288821621801024,0
2021-02-14,2493.59,-33.33,-1.32,64.73065289702103,2229.0924,11.504157911936632,1
2021-02-15,2586.01,92.42,3.71,72.00643682366785,2242.1704,11.656668696830886,1
2021-02-16,2601.51,15.5,0.6,73.01198689826242,2254.1128,11.564712497207914,1
2021-02-17,2611.45,9.94,0.38,73.66528810771436,2266.4348,11.45494589900303,1
2021-02-18,2636.68,25.23,0.97,75.2996958129007,2280.0534,11.792516425290426,1
2021-02-21,2640.34,3.66,0.14,75.53688349526658,2293.5798,12.393505529926037,0
2021-02-22,2607.67,-32.67,-1.24,69.15342206914164,2305.5242000000003,12.535874154466278,0
2021-02-23,2586.51,-21.16,-0.81,65.30406160799598,2315.911,12.215281839730347,1
2021-02-24,2599.07,12.56,0.49,66.49620253818975,2326.6642,12.027799183920568,0
2021-02-25,2554.13,-44.94,-1.73,58.721651256474715,2336.6423999999997,11.35223614471976,0
2021-02-28,2474.39,-79.74,-3.12,47.998266525402535,2345.48,9.87510741153793,1
2021-03-01,2515.03,40.64,1.64,52.73556006184776,2357.0679999999998,8.628096959842631,0
2021-03-02,2455.33,-59.7,-2.37,46.092769051129316,2366.8554,8.852960840988743,0
2021-03-03,2416.0,-39.23,-1.6,42.31148267950863,2373.9472,9.589684719935008,1
2021-03-04,2506.68,90.67,3.75,52.073783082076574,2382.7118,9.350993492387321,0
2021-03-07,2485.09,-21.58,-0.86,49.908268523838,2391.641,9.577079024356788,0
2021-03-09,2461.88,-23.22,-0.93,47.61581579567342,2400.9056,10.006009568204984,0
2021-03-10,2458.48,-3.4,-0.14,47.27325954675338,2409.9294,10.42173796736304,0
2021-03-14,2407.25,-51.23,-2.08,42.33157300634282,2417.8166,11.373480320521985,0
2021-03-15,2389.19,-18.07,-0.75,40.71572720228427,2424.3592000000003,12.416435939352477,1
2021-03-16,2391.74,2.56,0.11,41.057839492749565,2430.4485999999997,13.232656596157383,1
2021-03-17,2432.14,40.4,1.69,46.34104227484316,2435.5836,13.3654932850045,1
2021-03-18,2475.09,42.95,1.77,51.33509993020203,2441.7046,13.034263145866298,1
2021-03-21,2538.46,63.38,2.56,57.60462977044833,2449.1639999999998,12.531203056503134,0
2021-03-22,2514.39,-24.08,-0.95,54.720932325807524,2455.8804,11.558403183181053,1
2021-03-23,2528.95,14.57,0.58,56.150889588933204,2462.5697999999998,10.380290623167351,1
2021-03-24,2570.25,41.3,1.63,60.00889106324784,2469.2603999999997,9.9115233289941,0
2021-03-25,2548.97,-21.29,-0.83,57.21556245560386,2475.4514,9.515605743414607,0
2021-03-29,2543.52,-5.45,-0.21,56.49030877990024,2480.9672,8.847287835108972,1
2021-03-30,2575.67,32.15,1.26,59.732921255627005,2486.7497999999996,9.095609835404563,1
2021-03-31,2619.03,43.36,1.68,63.66585779913388,2492.8304,10.203928431681334,1
2021-04-01,2631.89,12.86,0.49,64.76505789099826,2498.8219999999997,11.281804916110746,1
2021-04-04,2657.61,25.72,0.98,66.92049579239281,2505.4362,12.409807936096296,1
2021-04-05,2658.74,1.13,0.04,67.01596381204635,2511.7558,12.92335921751199,1
2021-04-06,2674.46,15.72,0.59,68.3829950263935,2517.7522,13.924421572507988,0
2021-04-07,2671.61,-2.85,-0.11,67.83408695310007,2522.6876,14.614298602517142,1
2021-04-08,2674.35,2.74,0.1,68.09920748293155,2527.3572,15.002225661036272,1
2021-04-12,2691.55,17.2,0.64,69.78290015770511,2532.7264,15.330693076102357,1
2021-04-13,2714.79,23.23,0.86,71.93802274398338,2538.1852,15.082242657272534,1
2021-04-15,2735.46,20.67,0.76,73.73245752462012,2544.3886,14.379212642522551,0
2021-04-18,2699.51,-35.89,-1.31,65.84600096352511,2550.968,12.839941414683468,0
2021-04-19,2661.93,-37.58,-1.39,58.76951168748657,2556.0418000000004,11.30341251320792,1
2021-04-20,2664.61,2.68,0.1,59.10703189875906,2559.8594,10.152096748249818,0
2021-04-21,2632.2,-32.41,-1.22,53.412558035881126,2563.165,9.632931291875604,1
2021-04-22,2648.0,15.8,0.6,55.65549467975778,2566.6198,8.675616467147558,0
2021-04-25,2572.22,-75.79,-2.86,44.571678223359065,2567.5842000000002,8.13351639953056,0
2021-04-26,2506.61,-65.58,-2.55,37.591438425124764,2566.487,9.014925552893626,1
2021-04-27,2599.07,92.46,3.69,49.57588927230199,2567.781,8.572686858613947,0
2021-04-28,2585.28,-13.79,-0.53,48.09252900591277,2568.6259999999997,8.117328627868423,1
2021-04-29,2611.1,25.82,1.0,51.046052959354064,2570.3096,7.851958454911764,1
2021-05-02,2665.11,54.0,2.07,56.60795537285792,2573.74,7.814348551271866,0
2021-05-03,2652.75,-12.35,-0.46,55.06608166688791,2575.0748000000003,7.7929611432582275,1
2021-05-04,2654.69,1.94,0.07,55.27201120551944,2576.1384,7.790239109364573,0
2021-05-05,2649.6,-5.09,-0.19,54.565429050372295,2576.9013999999997,7.783957131875467,0
2021-05-06,2637.13,-12.47,-0.47,52.785092774507454,2576.9104,7.742867112689744,0
2021-05-09,2618.56,-18.56,-0.7,50.160416564971925,2576.4748,7.750379096328097,1
2021-05-10,2645.85,27.41,1.05,53.796358711573,2577.2384,7.682266038175138,1
2021-05-11,2673.32,27.47,1.04,57.18248987532337,2578.9746,7.573707340747761,1
2021-05-12,2673.88,0.56,0.02,57.25127029766404,2580.4708,7.237331119153782,1
2021-05-13,2684.01,10.13,0.38,58.548421504992454,2583.0684,6.6328319932477235,1
2021-05-16,2738.29,54.21,2.02,64.72501845230684,2588.3464000000004,7.152775896589055,1
2021-05-17,2759.21,20.91,0.76,66.77958301523527,2593.23,8.150892120851742,1
2021-05-18,2793.89,34.68,1.26,69.90853188686546,2600.0012,9.507701511272433,0
2021-05-19,2780.81,-13.09,-0.47,67.3326129373257,2607.2974000000004,10.375570269397722,1
2021-05-20,2787.18,6.37,0.23,67.95194009952469,2612.9074,11.173998543744263,1
2021-05-23,2820.0,32.81,1.18,71.00231287756117,2619.6056,11.739123313495552,1
2021-05-24,2823.06,3.07,0.11,71.27681850276866,2626.8291999999997,11.058928627771241,0
2021-05-25,2816.56,-6.5,-0.23,69.76601351420703,2633.9908,11.222942357714242,0
2021-05-27,2815.39,-1.2,-0.04,69.48053040541795,2642.1535999999996,10.97397076303448,1
2021-05-30,2827.93,12.54,0.45,70.8570015179002,2650.9284,10.910544493784704,0
2021-05-31,2782.68,-45.25,-1.6,60.2902201878026,2658.7472000000002,10.830128712112407,0
2021-06-01,2771.15,-11.68,-0.42,57.92002507481826,2665.5274,10.537302459507028,1
2021-06-02,2827.12,55.76,2.01,65.09383750778636,2672.5679999999998,10.485657770913708,1
2021-06-03,2856.67,29.55,1.05,68.17833425320325,2678.9322,10.481218169670155,1
2021-06-06,2906.89,50.13,1.75,72.60834157651144,2686.7821999999996,10.660380026169708,0
2021-06-07,2906.7,-0.21,-0.01,72.56718081870827,2694.3372000000004,10.184921773127154,1
2021-06-08,2960.14,53.44,1.84,76.5873548931118,2702.135,10.45823457768633,0
2021-06-09,2946.58,-13.56,-0.46,73.63847472056841,2710.0872000000004,10.483431322734285,0
2021-06-10,2944.78,-1.8,-0.06,73.23536949240014,2718.1124,10.134025453319584,1
2021-06-13,2983.1,38.32,1.3,76.21983270968268,2726.2610000000004,10.040253739264147,1
2021-06-14,3025.82,42.72,1.43,79.02749980668183,2734.3968,10.86703803098531,0
2021-06-15,3022.1,-3.72,-0.12,78.16208716663759,2742.2009999999996,11.443547966971753,0
2021-06-16,2969.69,-52.41,-1.73,67.02574547070435,2748.4426000000003,11.51915462671738,0
2021-06-17,2968.43,-1.29,-0.04,66.7794082511393,2754.6364000000003,11.343172791218167,0
2021-06-20,2905.14,-63.28,-2.13,55.70476037497734,2759.25,10.864079603124015,0
2021-06-21,2834.4,-71.06,-2.45,46.435374605950535,2762.5058000000004,10.776037303172185,1
2021-06-22,2913.84,79.44,2.8,55.40894471498423,2767.2956,10.52752202124684,0
2021-06-23,2862.18,-51.65,-1.77,49.590756439089006,2770.7082,10.264676341188952,0
2021-06-24,2843.0,-16.96,-0.59,47.59261448063225,2773.2724,10.071488955965435,1
2021-06-27,2870.38,27.38,0.96,50.64954980070021,2775.9708,9.842483909324285,1
2021-06-28,2875.49,5.11,0.18,51.22141685416015,2779.4903999999997,9.10145656965663,0
2021-06-29,2828.0,-47.49,-1.65,45.898294389860524,2782.8118,8.409284328898451,0
2021-06-30,2823.87,-4.13,-0.15,45.45587166530534,2785.9970000000003,8.441386132881437,1
2021-07-01,2843.0,19.12,0.68,47.958191733088476,2790.2130000000006,8.537840566015815,0
2021-07-04,2834.51,-8.48,-0.3,46.92919183439509,2793.9432,8.856625902492047,0
2021-07-05,2822.73,-11.78,-0.42,45.47134266393311,2798.9534000000003,9.232444300648185,0
2021-07-06,2818.1,-5.24,-0.19,44.88120355400595,2805.1832,9.417356929234476,0
2021-07-07,2801.13,-16.97,-0.6,42.69409678764285,2809.2244,9.721299206677507,1
2021-07-08,2825.1,23.97,0.86,46.648856463048986,2814.0208,9.759807923064034,1
2021-07-11,2899.82,74.71,2.64,56.68398131697709,2819.7952,9.267122213402285,0
2021-07-12,2854.76,-45.06,-1.55,50.51341802211636,2823.5882,8.045447473521211,1
2021-07-13,2871.03,16.34,0.57,52.52310235397491,2827.9538000000002,6.450913253231821,1
2021-07-14,2872.05,1.01,0.04,52.65291915369311,2832.301,5.501661940531846,1
2021-07-15,2883.38,11.33,0.39,54.15252929680466,2836.9766,4.326392459959312,1
2021-07-18,2980.61,97.21,3.37,64.53388068467729,2843.8462,5.61382437719282,1
2021-07-19,2994.58,13.97,0.47,65.73442270757394,2851.3666,6.910692966202241,0
2021-07-20,2985.57,-9.01,-0.3,64.22442262005787,2858.1610000000005,7.685878189714983,1
2021-07-22,3004.31,18.75,0.63,65.97511662078142,2864.7808,8.679466350098743,1
2021-07-25,3058.63,54.31,1.81,70.48388246177437,2872.4758,10.161969779497145,0
2021-07-26,3050.42,-8.24,-0.27,68.99571691185788,2879.8039999999996,11.232220986297405,1
2021-07-27,3079.67,29.24,0.96,71.31910384287173,2886.6316,12.438409311132235,1
2021-07-28,3094.94,15.3,0.5,72.47859720084756,2893.3462,13.321605947863144,0
2021-07-29,3079.83,-15.11,-0.49,69.4851099832558,2899.065,13.71426602760878,1
2021-08-01,3081.05,1.25,0.04,69.59430494842637,2905.0698,14.029516767482889,1
2021-08-02,3085.07,4.06,0.13,69.97556088427996,2911.0275999999994,14.115600988141134,1
2021-08-03,3111.09,26.02,0.84,72.38886401299584,2916.8494,14.094679995438828,1
2021-08-04,3123.24,12.15,0.39,73.46153477938222,2922.853,13.855516602088604,0
2021-08-05,3107.45,-16.0,-0.51,69.67328180459029,2928.6707999999994,12.96806475853553,1
2021-08-08,3108.12,0.66,0.02,69.74457688486038,2934.5254000000004,12.05800161628522,1
2021-08-09,3109.66,1.54,0.05,69.9196212153239,2940.16,11.757426503111763,1
2021-08-10,3161.44,51.86,1.67,75.12977498786486,2947.7351999999996,11.085169923950886,1
2021-08-11,3162.59,0.94,0.03,75.23238080417025,2955.5640000000003,10.268498778217499,1
2021-08-12,3179.0,16.41,0.52,76.7090233882953,2962.6016000000004,9.175081659706027,0
2021-08-15,3154.03,-24.88,-0.78,69.88171777896495,2968.5488,7.490814449521483,1
2021-08-16,3160.05,5.72,0.18,70.5619765790368,2973.612,7.062210885062423,1
2021-08-17,3160.31,0.23,0.01,70.59286944214205,2978.6841999999997,6.615135398718705,1
2021-08-18,3198.6,38.28,1.21,74.78889476454026,2983.4534000000003,6.149199055996587,0
2021-08-19,3180.78,-18.24,-0.57,69.79738827925415,2988.1374,5.500866412871989,0
2021-08-24,3124.87,-56.03,-1.76,56.95386440484927,2991.7392,5.167371175004712,0
2021-08-25,3076.45,-48.42,-1.55,48.611256244972964,2993.6062,4.899325622740851,1
2021-08-26,3094.05,17.6,0.57,51.39805048965302,2994.9708,4.800193244471424,0
2021-08-29,3044.86,-49.18,-1.59,44.18583337004084,2995.4260000000004,5.264273956172553,0
2021-08-31,2975.84,-69.05,-2.27,36.45594353546927,2995.5490000000004,6.632565943414284,1
2021-09-01,2977.02,1.18,0.04,36.65995770825165,2995.7208,7.699747417592665,0
2021-09-02,2926.89,-50.13,-1.68,31.964728445533808,2996.1558,9.330870806212632,0
2021-09-05,2818.72,-108.26,-3.7,24.633395646401098,2995.8421999999996,12.39930492892964,1
2021-09-06,2980.78,161.94,5.74,44.990065428056305,2997.1810000000005,12.775961823670261,0
2021-09-07,2936.6,-44.18,-1.48,41.68456218238926,2998.6694,13.457671459878783,0
2021-09-08,2876.59,-60.02,-2.04,37.6393132438876,2999.3412,14.60795636321568,0
2021-09-09,2875.97,-0.62,-0.02,37.59871607306133,2999.453,15.544129289326502,1
2021-09-12,2947.42,71.43,2.48,44.96559572430257,3000.8916000000004,15.521436835077381,1
2021-09-13,2947.69,0.27,0.01,44.99202358036529,3003.2854,15.359504122791037,0
2021-09-14,2929.28,-18.54,-0.63,43.45956840635813,3005.3936,15.011784726945306,0
2021-09-15,2889.03,-40.26,-1.37,40.2330648372346,3006.3142,14.940167842349863,0
2021-09-16,2812.38,-76.65,-2.65,34.916741291651434,3005.8716000000004,15.257037253491198,0
2021-09-20,2698.24,-114.02,-4.05,28.811480099893046,3003.3818,16.633312115396034,1
2021-09-21,2712.07,13.83,0.51,30.399485548787354,3001.2612,16.719960561888776,1
2021-09-22,2816.95,104.88,3.87,41.125208793358894,3001.5776,15.41479181382918,1
2021-09-23,2819.65,2.7,0.1,41.375674209105235,3001.4686000000006,14.398191948724296,0
2021-09-26,2758.48,-61.27,-2.17,37.48491529987699,2998.6418,14.102945466125973,0
2021-09-27,2685.41,-73.05,-2.65,33.43973923108973,2995.2547999999997,13.97761517992577,0
2021-09-28,2615.4,-70.01,-2.61,30.089321601012173,2990.1422,14.974574118285997,1
2021-09-29,2665.93,50.58,1.93,35.14040133575662,2986.0198000000005,15.488571053089139,0
2021-09-30,2633.42,-32.51,-1.22,33.465128453033316,2981.0206,16.03677190583855,0
2021-10-03,2577.49,-55.93,-2.12,30.749160518073992,2972.9582,17.338740733135566,0
2021-10-04,2570.81,-6.68,-0.26,30.43149378298307,2964.4828,18.8097240071469,1
2021-10-05,2612.65,41.84,1.63,34.963549137858905,2957.0244000000002,18.55696718182872,1
2021-10-06,2681.1,68.47,2.62,41.659595105292766,2950.5602000000003,17.964400400720272,0
2021-10-10,2662.58,-18.53,-0.69,40.4462290436093,2942.6391999999996,17.798156877813483,0
2021-10-11,2639.37,-23.19,-0.87,38.91644949310635,2934.4182,17.61847246790176,1
2021-10-17,2656.96,17.59,0.67,40.74558921295203,2925.9639999999995,16.31463247402406,0
2021-10-18,2587.45,-69.51,-2.62,36.14007817058238,2915.8142,14.981351830385348,0
2021-10-19,2510.73,-77.33,-2.99,31.859676053874423,2904.4322,14.167074806360949,1
2021-10-20,2571.66,60.56,2.41,38.127285413586286,2894.2444,12.713617742497277,0
2021-10-21,2556.95,-14.7,-0.57,37.23678108255359,2883.6820000000002,12.154324429636405,1
2021-10-24,2584.52,27.51,1.08,40.06236698819038,2873.1506,12.259578754128778,1
2021-10-25,2672.25,87.63,3.39,48.073411490653086,2864.1308000000004,12.09231629898682,1
2021-10-26,2751.07,78.82,2.95,54.01955892804396,2857.0032,11.188137844634923,1
2021-10-27,2769.13,18.06,0.66,55.28308360698155,2850.2234,10.36423900885794,1
2021-10-28,2782.16,13.04,0.47,56.21788359963342,2843.6734,10.699366737118215,1
2021-10-31,2837.61,55.5,1.99,60.04570883287059,2837.1968000000006,12.448084943416264,0
2021-11-01,2819.86,-17.75,-0.63,58.288907094630915,2830.3421999999996,13.569771274652224,1
2021-11-02,2843.62,23.76,0.84,59.97695089222147,2823.6345999999994,14.838155729134908,1
2021-11-03,2848.84,5.22,0.18,60.35653887553619,2817.5307999999995,15.871909140527995,0
2021-11-08,2829.64,-19.2,-0.67,58.171166420142995,2810.9226,16.153983775225687,0
2021-11-09,2749.85,-79.79,-2.82,50.05934758986164,2802.7134,15.684580348602111,0
2021-11-11,2690.29,-59.57,-2.17,45.01339519229506,2792.5471999999995,15.394350963872064,0
2021-11-14,2688.92,-1.38,-0.05,44.90127928390807,2782.71,15.382401312465408,1
2021-11-15,2715.35,26.44,0.98,47.61220054893927,2774.5196,15.310889373717817,1
2021-11-16,2784.58,69.22,2.55,53.99695009707816,2768.6821999999997,15.301237361983421,1
2021-11-17,2801.52,16.95,0.61,55.42839852602513,2762.8315999999995,15.39372518888479,0
2021-11-18,2769.13,-32.39,-1.16,52.09081272187128,2757.3169999999996,14.745007371610793,0
2021-11-21,2757.53,-11.6,-0.42,50.908527213480156,2752.9507999999996,12.744654777216946,1
2021-11-22,2765.43,7.9,0.29,51.71233320617725,2748.719,11.380852775379724,0
2021-11-23,2733.12,-32.31,-1.17,48.2338369575773,2744.8435999999997,9.374582068149854,1
2021-11-24,2735.0,1.89,0.07,48.45111819695634,2743.1692000000003,7.402259952397597,0
2021-11-25,2731.78,-3.22,-0.12,48.0788864927767,2738.1892,6.81138630420244,0
2021-11-28,2651.49,-80.29,-2.94,39.85648277885096,2732.487,7.772291006966142,0
2021-11-29,2629.97,-21.51,-0.81,37.98156287567775,2727.5546000000004,8.883736191888012,0
2021-11-30,2628.37,-1.6,-0.06,37.839039450540405,2722.6026,9.76503464545167,1
2021-12-01,2633.65,5.28,0.2,38.6570830785371,2716.3271999999997,10.017693464480008,0
2021-12-02,2586.19,-47.47,-1.8,34.28898952811893,2709.0971999999997,10.81884213626304,0
2021-12-05,2513.87,-72.32,-2.8,28.925378575118614,2700.789,12.181978135057797,1
2021-12-06,2546.08,32.22,1.28,33.88575479597023,2693.93,12.444429387085162,0
2021-12-07,2508.9,-37.18,-1.46,31.18062434709846,2687.8603999999996,13.071255831256213,0
2021-12-08,2455.8,-53.1,-2.12,27.770819221060776,2683.0116000000003,14.820593364076595,0
2021-12-09,2449.97,-5.84,-0.24,27.41632213988366,2677.7695999999996,16.458316357266042,0
2021-12-12,2361.27,-88.7,-3.62,22.673992672675254,2668.656,19.11651957427062,0
2021-12-13,2281.67,-79.57,-3.37,19.42648050954793,2657.8964,22.402873112067123,1
2021-12-14,2418.85,137.18,6.01,36.34670399975923,2651.1038,22.66423015277873,0
2021-12-15,2414.62,-4.23,-0.17,36.094997155372624,2645.688,22.42776024760192,0
2021-12-16,2376.74,-37.87,-1.57,33.8352801501357,2640.9148,22.51235881080995,0
2021-12-20,2358.81,-17.93,-0.75,32.78890140258703,2634.7724,22.48929681034165,1
2021-12-21,2415.55,56.73,2.41,39.197115882280485,2630.415,21.444020306016906,1
2021-12-22,2507.7,92.16,3.82,47.88732286439054,2629.0191999999997,20.104659922801943,1
2021-12-23,2520.23,12.53,0.5,48.955625359729645,2628.0076,18.444765962352083,1
2021-12-26,2591.42,71.2,2.82,54.644582161645495,2627.583,16.80155858795452,0
2021-12-27,2521.65,-69.77,-2.69,48.89325452876677,2624.3940000000002,15.845422768318624,0
2021-12-28,2518.99,-2.66,-0.11,48.68287917891449,2621.5222,15.029498747437312,1
2021-12-29,2524.5,5.51,0.22,49.17076046771443,2619.2248,14.14616099966914,1
2022-01-02,2584.91,60.41,2.39,54.30060550842098,2617.7838,13.53773063428873,1
2022-01-03,2616.94,32.03,1.24,56.79061772677817,2618.3736000000004,13.903984865378929,1
2022-01-04,2679.95,63.01,2.41,61.26221830902695,2621.758,15.589865191942238,0
2022-01-05,2649.18,-30.77,-1.15,58.10019383044976,2623.3084000000003,16.49162981059782,1
2022-01-06,2692.47,43.29,1.63,61.13918336697505,2626.0188,17.91512084043611,1
2022-01-09,2765.51,73.05,2.71,65.66421881375872,2629.6385999999998,20.002410361601907,1
2022-01-10,2784.95,19.43,0.7,66.77318660988294,2631.8926,21.810441115359534,1
2022-01-11,2834.13,49.19,1.77,69.46045766099428,2633.5538,23.07832221755691,0
2022-01-12,2803.62,-30.51,-1.08,65.8996831350529,2634.2436,22.194077816660688,1
2022-01-13,2857.75,54.12,1.93,68.9417216896695,2635.7554,23.11770720777811,1
2022-01-16,2926.74,69.0,2.41,72.3297858148385,2637.538,24.323542715539038,1
2022-01-17,2947.43,20.69,0.71,73.2714764318758,2640.0894,24.626926290157407,0
2022-01-18,2936.66,-10.78,-0.37,71.89976397370806,2641.9502,23.779785063099183,0
2022-01-19,2898.31,-38.35,-1.31,67.08383192223627,2642.9395999999997,22.676141299987567,1
2022-01-20,2931.34,33.03,1.14,69.00919914487838,2644.9736,22.515860476901334,0
2022-01-23,2920.51,-10.83,-0.37,67.61271110803159,2648.3867999999998,21.989457673007458,0
2022-01-24,2820.65,-99.86,-3.42,56.29957228995022,2650.9939999999997,21.3525247343833,0
2022-01-25,2815.06,-5.59,-0.2,55.73735262461838,2653.5168,19.756240374174023,0
2022-01-26,2776.65,-38.42,-1.36,51.90202538297593,2654.7428000000004,17.76528616244846,1
2022-01-27,2779.98,3.33,0.12,52.209059246435565,2654.6508000000003,15.443147019253578,1
2022-01-30,2885.53,105.55,3.8,60.75956800159403,2656.3309999999997,13.835315915786909,0
2022-01-31,2872.05,-13.48,-0.47,59.300350681045444,2658.3894,12.24273681801261,1
2022-02-01,2891.33,19.29,0.67,60.75220287535099,2661.0654,11.331284437156258,0
2022-02-03,2876.74,-14.6,-0.5,59.03595014523998,2663.2915999999996,9.515323464502057,0
2022-02-06,2836.17,-40.57,-1.41,54.431244490539804,2665.3526,8.044499743208771,1
2022-02-07,2851.88,15.71,0.55,55.86675712026473,2667.6902,7.471892106510519,0
2022-02-08,2835.58,-16.3,-0.57,53.96714303970447,2669.7662,7.103702050107108,0
2022-02-09,2813.52,-22.06,-0.78,51.41891990587312,2673.0068,7.220101634484005,0
2022-02-10,2801.56,-11.96,-0.43,50.039392261087784,2676.4386,7.23738285757959,0
2022-02-13,2700.89,-100.67,-3.59,40.25052245394098,2677.889,8.800431611462848,1
2022-02-14,2700.98,0.08,0.0,40.261773683196765,2679.2356,9.712009630401905,1
2022-02-15,2754.29,53.3,1.97,46.668030441000184,2682.5976,9.524658149233442,0
2022-02-16,2734.44,-19.84,-0.72,44.74395159240348,2687.009,9.438771558116613,0
2022-02-17,2732.51,-1.94,-0.07,44.55162099325773,2690.7376,9.560017149787065,0
2022-02-20,2693.1,-39.4,-1.44,40.70405940187367,2694.4216,9.56033303748955,1
2022-02-21,2718.51,25.41,0.94,44.05863834953657,2699.6757999999995,9.155916204950284,1
2022-02-22,2735.93,17.42,0.64,46.30150442565232,2705.395,9.303293408897405,0
2022-02-23,2720.43,-15.5,-0.57,44.58848891855076,2712.5782,9.528471777279648,0
2022-02-24,2661.44,-58.99,-2.17,38.71757489259313,2720.1736000000005,10.313028297683974,0
2022-02-27,2653.7,-7.73,-0.29,38.01039069515275,2724.8706,11.070787481284185,0
2022-02-28,2610.58,-43.12,-1.62,34.25643579955455,2728.7898000000005,11.598701104206446,0
2022-03-02,2547.04,-63.54,-2.43,29.61500695149934,2732.1957999999995,12.853860310442226,0
2022-03-06,2543.39,-3.66,-0.14,29.368841739483003,2735.8874,13.432257904209322,1
2022-03-07,2544.94,1.55,0.06,29.636319025302853,2738.4752000000003,13.700466342773895,0
2022-03-09,2514.58,-30.36,-1.19,27.444051467674257,2738.6128,14.438932445294423,1
2022-03-10,2566.9,52.31,2.08,36.20243661661403,2739.5461999999998,14.0023064364819,1
2022-03-13,2667.97,101.07,3.94,49.00784881666839,2741.0771999999997,12.978564987135258,1
2022-03-14,2668.11,0.15,0.01,49.02311228539065,2744.0064,12.050848664366216,0
2022-03-15,2650.97,-17.15,-0.64,47.16184741112378,2746.646,11.106151019725091,0
2022-03-16,2631.25,-19.72,-0.74,45.0429268220173,2748.7810000000004,11.036565011900622,0
2022-03-20,2616.59,-14.67,-0.56,43.479004400430746,2749.4146,10.981270354164788,1
2022-03-21,2634.66,18.07,0.69,45.96922963022637,2749.7690000000002,10.37620148445396,1
2022-03-22,2650.7,16.04,0.61,48.15288605104591,2749.1839999999997,9.896322037144888,0
2022-03-23,2630.36,-20.34,-0.77,45.6342504556635,2748.8076,9.354940283744192,0
2022-03-24,2613.67,-16.69,-0.63,43.61820253313868,2747.2315999999996,9.147508989245658,0
2022-03-27,2572.26,-41.41,-1.58,39.012960927008876,2743.3666,8.79494262027521,0
2022-03-28,2541.84,-30.43,-1.18,36.00555004150633,2738.5044,8.241969176290088,0
2022-03-29,2527.58,-14.26,-0.56,34.65684231919302,2732.3734000000004,7.797422131688601,1
2022-03-30,2568.26,40.68,1.61,41.40040099402299,2727.6662,7.599920118616152,0
2022-03-31,2544.31,-23.95,-0.93,38.857809473770686,2721.3974,7.547727692957347,0
2022-04-03,2513.42,-30.89,-1.21,35.803619457956856,2713.131,7.9783184380097625,0
2022-04-04,2498.53,-14.88,-0.59,34.40003641204862,2704.153,8.43457129389743,0
2022-04-05,2452.07,-46.46,-1.86,30.396009858741976,2694.4611999999997,9.489248585543846,0
2022-04-06,2428.66,-23.41,-0.95,28.590238671740494,2685.0682,10.766673971736564,1
2022-04-07,2464.36,35.69,1.47,34.93805923859489,2675.7286,11.240054474998974,0
2022-04-11,2419.8,-44.56,-1.81,31.208928816174648,2665.7144,12.406996755324082,0
2022-04-12,2385.01,-34.79,-1.44,28.638785601635462,2657.0015999999996,13.317715460888452,1
2022-04-13,2415.25,30.24,1.27,33.74620216897041,2649.0054,13.445370450268737,0
2022-04-17,2385.65,-29.6,-1.23,31.37881040932362,2641.1854000000003,13.833422618523548,0
2022-04-18,2343.87,-41.78,-1.75,28.35511494964703,2632.4632,14.677389749200708,1
2022-04-19,2357.25,13.37,0.57,30.65953006075688,2621.8976000000002,15.130707003713786,0
2022-04-20,2320.52,-36.73,-1.56,27.997324683455687,2610.867,15.542954786637992,1
2022-04-21,2325.45,4.94,0.21,28.88984550997168,2599.5494,15.24251491763955,1
2022-04-24,2420.97,95.52,4.11,43.50255129078732,2590.4339999999997,14.068129845067858,0
2022-04-25,2386.02,-34.95,-1.44,40.24390874745569,2581.431,12.99590530096984,0
2022-04-26,2370.99,-15.02,-0.63,38.89461065090607,2571.8132,12.340665985445238,1
2022-04-27,2376.17,5.17,0.22,39.64566554397423,2562.625,11.830838131807939,0
2022-04-28,2356.17,-20.0,-0.84,37.71802510431744,2553.478,11.450917410004784,0
2022-05-02,2307.44,-48.73,-2.07,33.4504307703308,2543.5956,10.607403502662477,0
2022-05-04,2275.69,-31.76,-1.38,30.9901227483017,2535.0915999999997,10.193853503795761,0
2022-05-05,2238.62,-37.06,-1.63,28.36674510140371,2525.8444,10.525366484676525,1
2022-05-08,2256.58,17.95,0.8,31.396798821959905,2515.8902000000003,10.341574913119741,1
2022-05-09,2268.85,12.27,0.54,33.467384257932835,2506.5784,10.363624055122706,1
2022-05-10,2313.0,44.16,1.95,40.43394517573492,2498.1882,10.085285949980268,1
2022-05-11,2369.06,56.06,2.42,47.894550360898144,2491.7074,9.098961717911774,0
2022-05-12,2350.42,-18.64,-0.79,45.83872939985248,2484.3456,8.630432820218664,0
2022-05-17,2265.52,-84.9,-3.61,37.86618104520079,2474.9374,8.909972077295475,1
2022-05-18,2274.42,8.9,0.39,39.06268707228863,2466.0172000000002,8.624897448000656,0
2022-05-19,2250.91,-23.51,-1.03,37.03391271282612,2457.8066,8.798602279845403,0
2022-05-20,2235.09,-15.82,-0.7,35.69063907763231,2449.4344,9.340961768747913,0
2022-05-23,2200.88,-34.21,-1.53,32.91071173512343,2441.2404,10.165390129729115,1
2022-05-24,2217.19,16.32,0.74,35.49052458215799,2434.6434,10.734972774657098,1
2022-05-25,2231.57,14.37,0.65,37.76286915931385,2428.4069999999997,11.045349910314865,1
2022-05-26,2239.6,8.03,0.36,39.05390385265659,2422.3001999999997,10.135753823778208,0
2022-05-27,2223.78,-15.82,-0.71,37.40754982650026,2416.4842,9.675457730915625,0
2022-05-30,2173.44,-50.33,-2.26,32.685739782559324,2408.615,9.841088116291699,0
2022-05-31,2137.92,-35.53,-1.63,29.825025396498447,2398.014,10.198466456738036,0
2022-06-01,2130.73,-7.19,-0.34,29.26664553664459,2387.2664,10.599525243396227,0
2022-06-02,2112.47,-18.26,-0.86,27.841066322974555,2376.4964,11.576146377580173,0
2022-06-03,2078.71,-33.76,-1.6,25.37962258039566,2365.4456,13.070516608470662,0
2022-06-06,2065.82,-12.89,-0.62,24.48936291129762,2354.4302,14.577809478908016,0
2022-06-07,2020.23,-45.59,-2.21,21.60302328510629,2342.1416,16.533160302183788,1
2022-06-08,2080.45,60.22,2.98,32.8596749355853,2330.7366,17.13304560157597,0
2022-06-09,2062.81,-17.64,-0.85,31.43578401481774,2319.3856,17.337725964998274,0
2022-06-10,2048.16,-14.64,-0.71,30.262919081439293,2308.0754,16.483740742025084,0
2022-06-13,2032.34,-15.82,-0.77,29.004451866615454,2297.277,15.606928691644969,0
2022-06-14,1996.26,-36.07,-1.78,26.316598474121776,2286.3653999999997,16.19086466845528,0
2022-06-15,1966.37,-29.89,-1.5,24.306969858277498,2275.1412,16.722588346581883,1
2022-06-16,1978.94,12.57,0.64,26.837258514763988,2263.3547999999996,16.931799825513984,0
2022-06-17,1971.38,-7.56,-0.38,26.268509304759803,2251.8962,17.089015793104195,0
2022-06-19,1934.11,-37.27,-1.89,23.611855004595455,2240.31,17.87812915642779,0
2022-06-20,1884.81,-49.31,-2.55,20.63848090007967,2228.0356,18.890665954439413,1
2022-06-21,1924.74,39.93,2.12,28.492763378893684,2217.489,18.493968476529577,0
2022-06-22,1893.53,-31.21,-1.62,26.30167873622017,2206.7864,17.843488348336273,0
2022-06-23,1848.28,-45.25,-2.39,23.482176579172048,2194.4648,17.612970063105372,1
2022-06-24,1862.06,13.78,0.75,26.08090514383599,2183.31,17.451102783321435,1
2022-06-26,1956.98,94.92,5.1,40.95620615768531,2174.7494,16.44717326529077,0
2022-06-27,1933.13,-23.85,-1.22,38.84117477103246,2165.107,15.410719866077233,0
2022-06-28,1921.31,-11.82,-0.61,37.79934877382381,2155.8202,14.459738656529606,1
2022-06-29,1962.71,41.39,2.15,43.51425660081973,2148.197,13.640259836217947,1
2022-06-30,2037.64,74.93,3.82,52.093497103181775,2141.8048,13.28085954645902,0
2022-07-01,2028.77,-8.87,-0.44,51.103993447174965,2135.9698000000003,13.355572006089522,1
2022-07-03,2086.42,57.65,2.84,56.841936280301326,2131.1892000000003,13.461358227308823,0
2022-07-04,2076.67,-9.75,-0.47,55.65245626228816,2124.3032000000003,13.673858748056567,0
2022-07-05,2030.59,-46.08,-2.22,50.29559079801035,2117.1946,13.485705640374382,1
2022-07-06,2043.92,13.33,0.66,51.742669199161526,2110.6531999999997,13.608116324239528,0
2022-07-07,2027.32,-16.6,-0.81,49.79831916675686,2103.6762,13.803707447170172,0
2022-07-08,1992.62,-34.7,-1.71,45.914314046987826,2096.4051999999997,13.835076762378524,0
2022-07-11,1915.61,-77.01,-3.86,38.70023294436059,2088.5686,14.053890289779783,1
2022-07-12,1927.28,11.68,0.61,40.23274756804006,2081.6004000000003,14.174524500503487,1
2022-07-13,1986.82,59.54,3.09,47.451012434068446,2076.5644,14.114842573688872,1
2022-07-14,2001.53,14.71,0.74,49.08702459231454,2071.4634,13.608425327074706,1
2022-07-15,2009.46,7.93,0.4,49.99091602750256,2066.2756,13.47783696318542,1
2022-07-17,2011.4,1.94,0.1,50.22373764474858,2060.2436000000002,12.935631301029781,1
2022-07-18,2029.43,18.03,0.9,52.43987205198488,2053.451,11.41242894514832,1
2022-07-19,2045.7,16.27,0.8,54.41228631931625,2047.3565999999998,9.882092477683285,1
2022-07-20,2050.59,4.89,0.24,55.01612094536547,2043.0580000000002,9.862417633853672,0
2022-07-21,2044.72,-5.87,-0.29,54.08992996768495,2038.4640000000002,9.380125419852062,0
2022-07-22,2017.46,-27.26,-1.33,49.88951412366748,2033.795,8.40906572121226,1
2022-07-24,2078.51,61.05,3.03,57.79432094554414,2030.6634000000004,8.422246299233354,1
2022-07-25,2132.96,54.45,2.62,63.34773843578325,2029.305,9.652442534638565,0
2022-07-26,2088.16,-44.8,-2.1,56.73330938190961,2026.7244,9.991845156832207,1
2022-07-27,2111.99,23.83,1.14,59.175145987006104,2024.3328,10.321089876276112,1
2022-07-28,2127.47,15.49,0.73,60.72575520639042,2022.0901999999999,10.952148276727506,1
2022-07-29,2140.52,13.05,0.61,62.034896577126844,2020.425,11.835753951975036,1
2022-07-31,2195.1,54.58,2.55,66.99078583361026,2020.8582000000001,13.537275702172943,1
2022-08-01,2196.25,1.15,0.05,67.0882705880343,2022.0248000000001,14.855322717190461,0
2022-08-02,2193.48,-2.76,-0.13,66.57823508614422,2023.2798,15.597802391621146,0
2022-08-03,2186.77,-6.71,-0.31,65.28348901584664,2024.7658000000001,14.806561159456038,0
2022-08-04,2148.16,-38.61,-1.77,58.262426267663216,2026.1547999999998,13.38764255251698,0
2022-08-05,2113.55,-34.61,-1.61,52.7824860552323,2027.1094,12.585406271588475,1
2022-08-07,2123.82,10.27,0.49,54.16027527550842,2029.1812,11.886719855051137,0
2022-08-08,2106.15,-17.68,-0.83,51.382205216046536,2029.6951999999999,11.149400037029004,0
2022-08-09,2062.8,-43.35,-2.06,45.24998172241992,2029.695,10.527715278390911,0
2022-08-10,2056.88,-5.91,-0.29,44.46946108599865,2029.8694,10.201224485781447,0
2022-08-11,2037.92,-18.96,-0.92,41.972389537594765,2029.981,10.297217473956158,0
2022-08-14,2010.01,-27.92,-1.37,38.54152042576386,2030.256,10.854665873493966,1
2022-08-15,2065.89,55.88,2.78,47.7503617077178,2032.2463999999998,10.658648486660303,0
2022-08-16,2041.06,-24.83,-1.2,44.555654861736464,2033.4888,10.325388757582768,0
2022-08-17,2040.7,-0.36,-0.02,44.50915901085573,2034.8752000000002,10.660645592955449,1
2022-08-18,2068.26,27.56,1.35,48.9050856854958,2037.5582000000002,10.750615272472613,0
2022-08-21,2060.55,-7.72,-0.37,47.76509929675256,2041.073,10.899088676510466,0
2022-08-22,2053.13,-7.41,-0.36,46.638360806720975,2043.6408,11.111245290751969,1
2022-08-23,2054.98,1.85,0.09,46.97421598629874,2046.8698000000002,11.229291713160512,1
2022-08-24,2057.84,2.86,0.14,47.52408831975924,2051.061,11.20512709537224,0
2022-08-25,2039.54,-18.3,-0.89,44.35464071912709,2054.6106,10.52313371347297,0
2022-08-26,2022.62,-16.93,-0.83,41.59266126679415,2055.9234,9.680272996940277,0
2022-08-28,1989.26,-33.36,-1.65,36.73554764653838,2057.0460000000003,8.938590093459545,1
2022-08-29,1993.02,3.76,0.19,37.61975699498808,2058.4802,7.767369057134296,1
2022-08-30,1995.34,2.33,0.12,38.19375781386951,2059.1328,7.081882571789445,0
2022-08-31,1973.38,-21.97,-1.1,34.918468477041,2057.8476,7.207449609693387,0
2022-09-01,1972.29,-1.08,-0.05,34.759135710839786,2056.718,6.85255247330627,0
2022-09-02,1970.62,-1.67,-0.08,34.499397362717716,2054.402,6.613948374346414,1
2022-09-04,1977.3,6.68,0.34,36.542065031872994,2052.4146,6.780260366724939,0
2022-09-05,1973.01,-4.29,-0.22,35.77055146400485,2051.2630000000004,6.961425961359654,0
2022-09-06,1951.84,-21.16,-1.07,32.161933694920876,2049.4214,7.509991160074306,0
2022-09-07,1939.88,-11.97,-0.61,30.30206421861999,2047.6726,8.207346535512535,0
2022-09-08,1937.74,-2.13,-0.11,29.96812520026323,2046.575,8.447673947298487,0
2022-09-11,1926.28,-11.46,-0.59,28.177312955809683,2046.7884,8.974059385137465,0
2022-09-12,1912.74,-13.54,-0.7,26.186260530969236,2046.4976000000001,9.556922356118799,1
2022-09-13,1934.04,21.3,1.11,34.07777893058217,2045.4419999999998,9.271187230342571,1
2022-09-14,1981.48,47.44,2.45,47.53222380086105,2045.0410000000002,8.639582323796914,0
2022-09-15,1924.48,-57.0,-2.88,37.60198698511983,2043.3414000000002,8.38322175424166,0
2022-09-16,1910.38,-14.1,-0.73,35.61959561958362,2041.3210000000001,8.054930311967507,0
2022-09-18,1876.41,-33.97,-1.78,31.33361482432929,2038.2606,7.974321593670042,0
2022-09-20,1837.6,-38.81,-2.07,27.29301752440729,2034.0986000000003,8.845335180444494,1
2022-09-21,1848.8,11.19,0.61,30.09460896281277,2030.0628,9.288168833111568,0
2022-09-22,1838.96,-9.83,-0.53,29.036019611315865,2025.9475999999997,10.099868366749568,0
2022-09-25,1815.13,-23.83,-1.3,26.59612633141178,2021.901,11.061387633850655,1
2022-09-27,1831.05,15.92,0.88,30.780822112303056,2016.9518000000003,11.350379270873589,1
2022-09-28,1837.46,6.41,0.35,32.45062758449066,2011.0418,11.594450048750337,1
2022-09-29,1853.76,16.29,0.89,36.636562136254426,2006.3538,11.492213825180514,1
2022-10-09,1898.38,44.62,2.41,46.423981482175606,2002.0816,11.055174418365057,0
2022-10-10,1871.22,-27.16,-1.43,42.15554292881554,1996.9566,10.504351223545322,0
2022-10-11,1855.16,-16.06,-0.86,39.82385509185429,1991.2494,9.970331557760394,1
2022-10-12,1866.48,11.32,0.61,42.24858794558577,1984.677,9.557273542922465,1
2022-10-13,1870.63,4.15,0.22,43.152932554685336,1978.1645999999998,9.20628119729772,0
2022-10-16,1860.94,-9.69,-0.52,41.5181148359113,1971.5138,8.842126369639862,0
2022-10-17,1858.33,-2.61,-0.14,41.066829100563574,1964.945,8.566213211523586,0
2022-10-19,1845.52,-12.81,-0.69,38.83563332932356,1958.8922000000002,8.461900466191189,0
2022-10-20,1844.14,-1.38,-0.07,38.592377819953306,1953.5040000000001,7.9669459752841325,1
2022-10-23,1858.49,14.35,0.78,42.617415030261824,1948.1974,5.6233350258683625,1
2022-10-31,1874.88,16.39,0.88,46.89861216673173,1943.5720000000001,4.725938116190883,1
2022-11-01,1930.99,56.11,2.99,58.35388857901963,1940.9358000000002,5.317306474165691,1
2022-11-02,1938.3,7.32,0.38,59.57733904830497,1938.5641999999998,6.452328298200285,0
2022-11-03,1922.16,-16.14,-0.83,55.68742581048889,1936.249,6.9024171294118615,1
2022-11-06,1965.36,43.2,2.25,62.70618748097221,1935.356,8.2243801366252,0
2022-11-07,1958.94,-6.43,-0.33,61.155915309201944,1933.217,8.962112061904817,0
2022-11-08,1956.36,-2.57,-0.13,60.50849950131398,1931.5230000000001,9.082085058914052,0
2022-11-09,1917.22,-39.15,-2.0,51.58642125342984,1929.0534,8.781081467196127,0
2022-11-10,1893.7,-23.52,-1.23,47.092716197879675,1925.5622,8.401113651431567,0
2022-11-13,1883.16,-10.54,-0.56,45.19283381660785,1922.0144,8.202318578185883,1
2022-11-14,1904.45,21.29,1.13,49.614615403696746,1919.0408000000002,8.213781147964653,0
2022-11-15,1897.86,-6.59,-0.35,48.315228708017685,1915.8984,8.135776612733737,1
2022-11-16,1911.26,13.4,0.71,51.11857477474875,1912.9668,7.916427903206063,1
2022-11-17,1936.83,25.57,1.34,56.020584627611235,1910.9126,7.9398637221418324,0
2022-11-22,1929.7,-7.13,-0.37,54.38287841879321,1909.0541999999998,7.8815983227554645,0
2022-11-23,1921.99,-7.72,-0.4,52.59243273510041,1907.7088,7.617788460295491,1
2022-11-24,1933.55,11.56,0.6,54.98541955194212,1906.5194000000001,7.306173308049245,1
2022-11-27,1965.98,32.43,1.68,60.94175513173042,1905.9322,6.970381340376214,0
2022-11-28,1950.37,-15.61,-0.79,57.03001433298158,1905.4719999999998,6.155909806642472,1
2022-11-29,1953.35,2.99,0.15,57.58967496322445,1905.0932,5.471174180975131,0
2022-11-30,1949.85,-3.51,-0.18,56.656325215639356,1904.6778000000004,4.940041016309376,1
2022-12-01,1961.06,11.22,0.58,58.95101739870158,1904.353,5.118186563457891,1
2022-12-04,1963.22,2.16,0.11,59.397072871969755,1904.1572,5.294790415544001,0
2022-12-05,1938.76,-24.46,-1.25,52.446927182905505,1903.8956,5.267160703820886,0
2022-12-06,1933.88,-4.87,-0.25,51.16071238733241,1903.7756,5.065973950996463,0
2022-12-07,1917.28,-16.61,-0.86,46.943353916972754,1903.3664,4.963178993410602,0
2022-12-11,1885.31,-31.97,-1.67,40.08924444254666,1902.547,5.223829777823861,1
2022-12-12,1902.27,16.96,0.9,44.701939220367336,1902.3376,5.331570562250679,0
2022-12-13,1899.7,-2.57,-0.13,44.14725528482781,1901.6508000000001,5.2571422968169905,0
2022-12-14,1897.08,-2.62,-0.14,43.55392114705497,1899.9628,5.03853279374234,0
2022-12-15,1882.6,-14.48,-0.76,40.32799642777468,1899.1252,5.346197110064002,0
2022-12-18,1855.06,-27.54,-1.46,35.01583236165716,1898.0187999999998,6.141480277943373,1
2022-12-19,1858.89,3.83,0.21,36.2730415495286,1897.6684,6.815980852847892,1
2022-12-20,1873.11,14.22,0.77,40.8486627029966,1898.3785999999998,7.130360032654956,0
2022-12-21,1867.22,-5.89,-0.31,39.580970869769345,1898.7469999999998,7.488879362469946,0
2022-12-22,1867.21,-0.01,0.0,39.57872509065569,1899.3120000000001,7.805706766222305,1
2022-12-26,1924.09,56.88,3.05,55.16232931171682,1901.4912,7.764395237640293,1
2022-12-27,1983.95,59.87,3.11,65.30417596701477,1904.5492,8.06939137901031,0
2022-12-28,1972.15,-11.81,-0.6,62.312075368143695,1907.2430000000002,8.340159240571762,1
2022-12-29,2029.03,56.88,2.88,69.55364630628067,1910.7484,9.69367672158585,1
2023-01-01,2046.26,17.24,0.85,71.34950853348786,1913.7060000000001,11.218420374178896,1
2023-01-02,2063.83,17.56,0.86,73.09245093733183,1917.5582000000002,12.792678564473341,0
2023-01-03,2061.06,-3.03,-0.15,72.34522230275053,1921.6761999999999,14.036923291351695,1
2023-01-04,2125.84,64.78,3.14,78.00760653659279,1926.8634,16.439903364843154,1
2023-01-05,2143.93,18.09,0.85,79.28326048132158,1932.3294,18.651816503695372,1
2023-01-08,2164.61,20.68,0.96,80.66403535000123,1938.4028,20.676538837635373,1
2023-01-09,2211.76,47.15,2.18,83.38335712618337,1945.4714,22.815855021343626,0
2023-01-10,2190.42,-21.34,-0.96,78.0342946821683,1952.3693999999998,24.079168723799935,0
2023-01-12,2149.39,-41.04,-1.87,68.88449556870806,1958.4743999999998,24.388911989681418,1
2023-01-17,2182.11,32.72,1.52,71.73112560405471,1964.9468,24.765420729991064,0
2023-01-18,2173.1,-9.01,-0.41,69.83645997148918,1970.9112,24.542371877742596,1
2023-01-19,2178.81,5.71,0.26,70.37058630497843,1975.8675999999998,23.62387207796319,0
2023-01-23,2165.1,-13.71,-0.63,67.28956004903333,1980.4036,22.22067570469229,1
2023-01-24,2173.25,8.15,0.38,68.18140641426709,1985.4254,20.69007414759663,1
2023-01-25,2183.62,10.37,0.48,69.32734377650087,1989.7906,18.592547501703756,0
2023-01-26,2183.21,-0.41,-0.02,69.22119651710696,1994.276,15.73821968982125,0
2023-01-29,2168.53,-14.68,-0.67,65.3623394283601,1998.5194000000001,13.4157123009043,0
2023-01-30,2127.37,-41.16,-1.9,55.94524793851486,2002.7223999999999,11.865595875287434,0
2023-01-31,2111.68,-15.7,-0.74,52.8211182505763,2007.082,9.645316593148792,1
2023-02-01,2116.65,4.97,0.24,53.703052756231145,2011.7518,8.428586950906352,0
2023-02-02,2094.54,-22.12,-1.04,49.28883006638678,2015.5536,7.61728278222097,1
2023-02-05,2096.08,1.54,0.07,49.59957647097286,2019.5179999999998,7.085300669800616,1
2023-02-06,2100.7,4.62,0.22,50.57800408435086,2023.3067999999998,6.3639810460069235,1
2023-02-07,2177.34,76.64,3.65,63.304427895107715,2028.1170000000002,6.332139858645526,0
2023-02-08,2170.18,-7.16,-0.33,61.705775201873394,2032.9266,6.341042823679532,1
2023-02-09,2182.63,12.45,0.57,63.43490560421102,2038.1394,6.4221640724328815,0
2023-02-12,2121.86,-60.77,-2.78,51.26652209740565,2041.9056,6.133349622127911,0
2023-02-14,2105.46,-16.4,-0.77,48.559344771499745,2044.6951999999999,6.1995187288464075,0
2023-02-15,2091.56,-13.9,-0.66,46.32645368799596,2047.5190000000002,6.617974795651419,0
2023-02-16,2070.41,-21.15,-1.01,43.08040691733562,2049.8602,7.094094561892055,0
2023-02-20,2046.81,-23.6,-1.14,39.73474209393333,2051.7994,7.898547823871382,1
2023-02-22,2080.38,33.57,1.64,46.14206159092925,2054.1857999999997,7.943855216580313,0
2023-02-23,2022.64,-57.74,-2.78,38.55023159992142,2055.3741999999997,8.899469512981645,1
2023-02-26,2027.19,4.55,0.22,39.396419985049974,2057.1428,9.425195195627333,0
2023-02-27,2023.54,-3.65,-0.18,38.93325715498758,2058.9359999999997,9.653179121486238,0
2023-02-28,2019.93,-3.61,-0.18,38.4517616876152,2060.989,9.69950307731775,0
2023-03-01,1995.49,-24.44,-1.21,35.2714246326462,2063.1926000000003,10.105300276070306,0
2023-03-02,1969.02,-26.47,-1.33,32.1681486686671,2064.5276,11.158835364793566,0
2023-03-05,1938.25,-30.77,-1.56,28.976589482552072,2065.2986,12.613257692164389,1
2023-03-07,1952.66,14.41,0.74,32.36109013988444,2066.4102,13.459505702907887,1
2023-03-09,2002.7,50.04,2.56,42.591784902439244,2068.8122,13.660681395683719,0
2023-03-12,1975.9,-26.8,-1.34,39.17426131709256,2071.2290000000003,14.04159125009768,0
2023-03-13,1951.21,-24.68,-1.25,36.28563485679433,2073.0754,14.571953969373286,1
2023-03-14,1953.06,1.85,0.09,36.662500722430906,2074.6744,13.907446016340092,0
2023-03-15,1938.62,-14.44,-0.74,34.92598677205579,2076.1024,13.148519115890755,0
2023-03-16,1933.31,-5.32,-0.27,34.2829346232983,2077.4244,11.612519488529168,0
2023-03-19,1926.4,-6.9,-0.36,33.42059199196488,2077.4706,11.049984576171617,1
2023-03-20,1949.06,22.65,1.18,38.85243920056953,2076.7728,10.208113372557175,0
2023-03-22,1933.29,-15.76,-0.81,36.613679587137696,2075.9956,9.501564193097959,0
2023-03-23,1915.14,-18.15,-0.94,34.173046517841144,2073.7178,9.159672434632842,0
2023-03-26,1888.3,-26.85,-1.4,30.893479531627705,2070.5586000000003,9.414700998075961,1
2023-03-27,1906.0,17.7,0.94,35.30300975669529,2067.402,8.32455090383962,1
2023-03-28,1918.41,12.41,0.65,38.27676470483527,2064.549,8.026012527445117,1
2023-03-29,1919.42,1.02,0.05,38.52442590265948,2060.4206000000004,7.460002317064346,0
2023-03-30,1908.55,-10.87,-0.57,36.81245295464572,2055.7129999999997,6.856633112445709,0
2023-04-02,1888.55,-20.0,-1.05,33.83331629273846,2050.1918,6.338483706234433,0
2023-04-03,1871.88,-16.67,-0.88,31.542048494154926,2043.3942000000002,6.416484890729049,0
2023-04-04,1866.68,-5.2,-0.28,30.840425093032295,2036.9194,6.818826647059424,1
2023-04-05,1875.07,8.39,0.45,33.41402044818568,2031.4330000000002,7.192929589692603,0
2023-04-06,1866.79,-8.28,-0.44,32.142789175892105,2025.1266,7.508990471588131,0
2023-04-09,1838.49,-28.31,-1.52,28.19456331712172,2018.4344,7.284932637981734,1
2023-04-10,1844.02,5.54,0.3,30.003884821984812,2011.7386000000001,7.228112608749146,1
2023-04-11,1871.34,27.31,1.48,38.278287155452105,2005.8634,7.02866024702577,1
2023-04-12,1963.55,92.22,4.93,56.82828934174368,2001.6694,7.213972961685801,0
2023-04-13,1934.47,-29.07,-1.48,51.564946823223174,1996.6864,7.169403759103727,0
2023-04-16,1931.68,-2.8,-0.14,51.076170831584506,1991.6557999999998,7.153787436365869,0
2023-04-17,1908.05,-23.63,-1.22,47.01168761400893,1986.4461999999999,7.060970651242848,0
2023-04-18,1904.98,-3.07,-0.16,46.49402890807127,1981.9984,6.6673501678899365,1
2023-04-19,1920.12,15.13,0.79,49.450198325514286,1978.1671999999996,6.5397856571589115,0
2023-04-20,1904.4,-15.73,-0.82,46.5729823162798,1973.9222,6.494125309469963,0
2023-04-23,1885.6,-18.8,-0.99,43.32625668426459,1969.7434,6.503385610734691,1
2023-04-24,1888.32,2.71,0.14,43.935228697046036,1965.5882000000001,6.499157208783274,1
2023-04-25,1905.68,17.36,0.92,47.791124374116094,1961.6878,6.427432329615572,0
2023-04-26,1892.0,-13.68,-0.72,45.155595065551445,1955.9809999999998,6.321621638383953,0
2023-04-27,1889.73,-2.24,-0.12,44.71494107451577,1950.372,6.2840966794197595,0
2023-04-30,1870.65,-19.11,-1.01,41.08571376050632,1944.1324,6.366277215381301,0
2023-05-02,1866.4,-4.27,-0.23,40.301068578068765,1939.0232,6.410163139628569,0
2023-05-03,1857.23,-9.18,-0.49,38.588660496048355,1934.0586,6.507373254626714,1
2023-05-04,1869.73,12.73,0.69,42.19433461534458,1929.6219999999998,6.5419832200824075,0
2023-05-07,1850.61,-19.12,-1.02,38.47332976910863,1925.226,6.7172594002748856,0
2023-05-08,1833.69,-16.93,-0.91,35.490583020992915,1920.9636,6.803441844935383,1
2023-05-09,1844.36,10.66,0.58,38.7171755448332,1916.2432000000001,6.798291953065333,0
2023-05-10,1841.93,-2.43,-0.13,38.247977686391096,1912.629,7.109617176113793,0
2023-05-11,1838.59,-3.34,-0.18,37.57397081534169,1908.8570000000002,6.467649235837272,0
2023-05-14,1821.64,-16.96,-0.92,34.273178853749286,1904.8190000000002,6.5278861287333765,0
2023-05-15,1818.31,-3.34,-0.18,33.64779469088609,1900.7866000000001,6.48562982941965,1
2023-05-16,1821.62,3.31,0.18,34.918998434752595,1897.3092,6.609828997119613,1
2023-05-17,1845.01,23.39,1.28,43.20020272583331,1894.829,6.403708048153771,1
2023-05-18,1877.32,32.3,1.75,52.240635647360094,1893.6104,5.820999017845047,1
2023-05-21,1883.2,5.88,0.31,53.68536255868468,1892.2212,5.537950301241748,1
2023-05-22,1891.31,8.1,0.43,55.676887221723085,1889.9934,5.6039904638843945,1
2023-05-23,1942.63,51.31,2.71,65.72161639706624,1889.328,6.6909913573279605,1
2023-05-24,1959.12,16.49,0.85,68.21425366203114,1889.4862,7.8319538478802295,0
2023-05-28,1941.74,-17.38,-0.89,63.013280215322844,1889.2598,8.517504760468572,0
2023-05-30,1888.61,-53.16,-2.74,50.37008332617547,1888.2595999999999,8.5114413002491,0
2023-05-31,1849.79,-38.83,-2.06,43.50201529204437,1886.5892,8.557932570011104,1
2023-06-01,1866.34,16.54,0.89,46.83053663992153,1885.3880000000001,8.557958716612852,1
2023-06-04,1919.38,53.03,2.84,55.814850570695654,1884.7944,8.864032428535957,0
2023-06-05,1901.99,-17.38,-0.91,52.6722767879427,1884.1684,8.978695099186831,1
2023-06-06,1927.66,25.66,1.35,56.560338250053874,1884.4188000000001,9.255510782754394,1
2023-06-07,1932.33,4.68,0.24,57.24842831899143,1885.2994,9.347296218907088,1
2023-06-08,1939.61,7.27,0.38,58.3558475591231,1885.9716,9.527451876691812,1
2023-06-11,1980.09,40.48,2.09,63.94804623743435,1887.2052,10.187458315904061,1
2023-06-12,1987.87,7.79,0.39,64.92297982815879,1888.5741999999998,10.693088743387383,1
2023-06-13,2020.64,34.17,1.72,68.75563273552345,1890.816,11.28980490917209,1
2023-06-14,2037.06,16.42,0.81,70.49523646885042,1893.7862,11.741390450951654,1
2023-06-15,2042.07,5.0,0.25,71.02532262504641,1897.19,11.901638159352583,1
2023-06-18,2094.33,52.26,2.56,75.89106129162042,1901.7430000000002,13.16607551010946,0
2023-06-19,2091.39,-2.94,-0.14,75.12672019951727,1906.0694,14.23681313791168,0
2023-06-20,2064.83,-26.56,-1.27,68.42232180842522,1910.0302000000001,14.554353967582761,0
2023-06-21,2050.78,-14.05,-0.68,65.11207876439094,1914.276,14.565921482717364,1
2023-06-22,2055.53,4.75,0.23,65.7159661506948,1918.5062,14.906423016462966,1
2023-06-25,2117.73,62.21,3.03,72.44263455266396,1923.434,16.03310087989801,1
2023-06-26,2129.42,11.69,0.55,73.49518213503804,1926.7513999999999,16.99721452956163,1
2023-06-27,2186.36,56.94,2.67,77.91911182293302,1931.7892,18.058823648633172,0
2023-06-28,2150.99,-35.37,-1.62,70.09276865360287,1936.1754,17.361536813942525,0
2023-07-02,2097.29,-53.7,-2.5,60.205526685332416,1939.9602,15.95454386168657,0
2023-07-03,2075.97,-21.32,-1.02,56.780984918989326,1943.38,15.068356464671808,1
2023-07-04,2088.7,12.73,0.61,58.305970926628085,1946.7516,13.677782678022385,0
2023-07-05,2049.44,-39.26,-1.88,52.189754784172116,1949.6524,12.439076844560681,0
2023-07-06,2049.38,-0.06,0.0,52.18074600969275,1952.928,11.062676635632235,1
2023-07-09,2077.76,28.38,1.38,56.04556358023648,1956.7168,9.516460384277496,0
2023-07-10,2076.96,-0.8,-0.04,55.90839157737969,1960.1424000000002,8.574252378729682,0
2023-07-11,2072.24,-4.73,-0.23,55.052268597815555,1963.7472,7.606927886664606,1
2023-07-12,2097.55,25.31,1.22,58.70402431144436,1967.9035999999999,7.126262712555683,0
2023-07-13,2084.93,-12.62,-0.6,56.250056852944475,1972.1892,6.796150625332165,1
2023-07-16,2097.09,12.16,0.58,58.06890335566639,1976.8029999999999,6.491712368041363,1
2023-07-17,2144.16,47.07,2.24,64.26244059728307,1982.5416,6.859984791810827,1
2023-07-18,2154.07,9.91,0.46,65.42051172474353,1988.2284,7.305104900368161,1
2023-07-19,2165.24,11.17,0.52,66.72920457511191,1994.521,7.687791221146692,0
2023-07-20,2163.92,-1.31,-0.06,66.4093490680169,2001.1256,7.758158763418688,1
2023-07-23,2227.16,63.24,2.92,73.06951037039718,2008.7816,8.849175814672579,0
2023-07-24,2200.5,-26.66,-1.19,67.03526934082609,2015.9530000000002,9.502852516100644,0
2023-07-25,2164.31,-36.19,-1.64,59.814164974095114,2022.4674,9.666851260463764,0
2023-07-26,2156.2,-8.11,-0.37,58.29859733513152,2029.1585999999998,9.38730764096498,0
2023-07-27,2126.48,-29.71,-1.37,52.99890331119109,2035.322,9.300863712801519,0
2023-07-30,2100.34,-26.14,-1.22,48.79716729001801,2040.8964,9.288655426495481,1
2023-07-31,2106.18,5.84,0.27,49.75555639817319,2046.1198000000002,9.11663238981217,0
2023-08-01,2077.58,-28.9,-1.35,45.28520101039151,2050.125,9.198397607721457,1
2023-08-02,2086.84,9.25,0.44,46.947228403746735,2054.1978,8.803309353354955,1
2023-08-03,2089.84,3.0,0.14,47.50359099039075,2058.1684,8.352467963288783,0
2023-08-06,2051.47,-38.37,-1.83,41.50794115881942,2060.3451999999997,8.676735506023508,0
2023-08-07,2048.26,-3.21,-0.15,41.041251336348815,2062.128,9.02185594755326,0
2023-08-08,2019.85,-28.4,-1.38,37.06881682296586,2063.6902,9.762311118686858,1
2023-08-09,2060.91,41.06,2.03,45.308135101798335,2067.1362,10.021762234975618,1
2023-08-10,2066.05,5.13,0.24,46.256724726136994,2071.4614,10.161020707537723,1
2023-08-13,2080.86,14.81,0.71,49.00139727049865,2075.7518,10.238763264062134,0
2023-08-14,2077.24,-3.61,-0.17,48.35139686351676,2078.909,10.280002536251292,0
2023-08-15,2045.44,-31.8,-1.53,42.96031579652982,2081.778,10.47054396518054,0
2023-08-16,2025.12,-20.31,-0.99,39.8989870201247,2083.7272,10.674928022123794,1
2023-08-17,2033.13,8.01,0.39,41.66370317459807,2085.7432,10.639605389432766,0
2023-08-20,2011.22,-21.91,-1.07,38.34691283030478,2087.1753999999996,9.409484267704535,0
2023-08-21,1998.28,-12.93,-0.64,36.498853309753045,2087.5391999999997,8.486342418851686,1
2023-08-22,2015.98,17.69,0.88,40.708101900551654,2088.1014,7.743346413428283,1
2023-08-23,2045.45,29.47,1.46,47.00659146960962,2088.5976,6.607973099302818,0
2023-08-24,2013.93,-31.52,-1.54,41.88200020624677,2088.135,6.133975331342769,0
2023-08-27,1993.38,-20.54,-1.02,38.90412544667255,2087.1612,6.2541567776496665,1
2023-08-28,1998.48,5.09,0.25,40.04347889968399,2085.2441999999996,6.0125209110501405,0
2023-08-29,1993.42,-5.05,-0.25,39.26117604396344,2083.2848,6.141189879049523,0
2023-08-30,1990.59,-2.82,-0.14,38.80456487071011,2081.8,6.053063090201101,0
2023-09-03,1960.78,-29.81,-1.49,34.28177184238605,2080.0,6.252201059031114,1
2023-09-04,1967.83,7.04,0.35,36.176370470729786,2078.246,6.6391764638328095,0
2023-09-05,1961.37,-6.45,-0.32,35.17567508285248,2075.1188,7.035611953658741,0
2023-09-07,1932.45,-28.92,-1.47,31.03661518557523,2071.1794,7.961362033535008,1
2023-09-10,1942.68,10.23,0.52,33.995283421432475,2066.3058,8.240630652449218,1
2023-09-11,1986.99,44.3,2.28,45.00152724460218,2063.0258,7.849773324796628,0
2023-09-12,1967.57,-19.42,-0.97,41.71814596826802,2060.4314,7.168149265208262,1
2023-09-13,2007.06,39.48,2.0,49.74739990226134,2059.0532000000003,6.2149298633427446,0
2023-09-17,1964.91,-42.14,-2.09,42.946522223420466,2056.5774,5.888493679316963,1
2023-09-18,1969.18,4.26,0.21,43.78494334193267,2054.9722,5.740714595174025,1
2023-09-19,1985.43,16.24,0.82,46.97827559920643,2053.6932,5.350911759779197,1
2023-09-21,2029.78,44.34,2.23,54.56429080306665,2052.7336,5.587161848011598,0
2023-09-24,2010.35,-19.42,-0.95,51.11394129012612,2051.4013999999997,5.662602660535919,0
2023-09-25,2004.45,-5.89,-0.29,50.07839650862839,2050.0456,5.56588960684233,1
2023-09-26,2022.91,18.45,0.92,53.26849196877287,2048.5528,5.155729096030641,0
2023-09-27,2004.3,-18.6,-0.91,49.812647884257416,2046.9402,5.064450311110284,0
2023-10-01,1971.1,-33.2,-1.65,44.29205227028111,2044.4204,5.084238484827964,1
2023-10-02,1976.29,5.19,0.26,45.31240213914023,2041.0629999999999,5.048238670981799,0
2023-10-03,1958.72,-17.56,-0.88,42.47601929427194,2037.156,5.129579124987661,1
2023-10-04,1967.97,9.24,0.47,44.44755916431721,2033.2105999999999,5.140524308910424,0
2023-10-05,1956.92,-11.04,-0.56,42.57053042436498,2029.0706,5.1726004938136745,0
2023-10-08,1921.24,-35.67,-1.82,37.1195682009296,2022.9522,5.766123234809573,0
2023-10-09,1908.66,-12.58,-0.65,35.39853261994011,2017.1153999999997,6.4925113870291735,0
2023-10-10,1889.59,-19.06,-0.99,32.90772850532521,2011.621,7.2963751148858975,1
2023-10-11,1894.76,5.16,0.27,34.25830670192961,2006.3922,7.982313692662448,0
2023-10-12,1874.6,-20.16,-1.06,31.588040307518895,2001.3546000000001,9.000121100948416,0
2023-10-16,1851.43,-23.16,-1.23,28.808753569771653,1996.3763999999999,10.32570552033625,1
2023-10-17,1864.62,13.18,0.71,32.45230298004914,1991.5451999999998,10.900481866550859,1
2023-10-18,1907.89,43.27,2.32,42.79550496854791,1988.1513999999997,11.064395230682056,0
2023-10-19,1903.84,-4.05,-0.21,42.14501075212394,1984.4914,11.211437335352922,0
2023-10-29,1875.65,-28.18,-1.48,37.83423904435568,1980.2076000000002,11.488731516411574,1
2023-10-30,1878.7,3.04,0.16,38.56639617167592,1976.7522,11.009080580812777,0
2023-10-31,1864.4,-14.29,-0.76,36.40170640341604,1973.075,10.79625642293978,0
2023-11-01,1858.56,-5.83,-0.31,35.524747781217044,1969.8492,10.532849361691063,0
2023-11-02,1847.7,-10.86,-0.58,33.889713299112415,1965.585,9.745539931700552,0
2023-11-05,1826.23,-21.46,-1.16,30.865222754452915,1960.7885999999999,9.34283358777819,1
2023-11-06,1847.54,21.3,1.16,36.88591863276895,1956.1222,8.999301687024829,1
2023-11-07,1858.76,11.22,0.6,39.85579259699051,1951.7526,8.210134603635536,1
2023-11-08,1863.94,5.17,0.27,41.23073219529845,1948.1226000000001,7.530516977788583,0
2023-11-09,1852.08,-11.85,-0.63,39.03066772443804,1944.6617999999999,6.43396803337027,1
2023-11-20,1853.48,1.39,0.07,39.44145578910279,1941.0688,5.220744085878784,0
2023-11-21,1829.65,-23.82,-1.28,35.10570095382795,1937.4374000000003,5.005764174813382,1
2023-11-22,1850.33,20.67,1.13,41.15155864999634,1934.4784,4.642525010881318,1
2023-11-23,1860.2,9.87,0.53,43.840763414983066,1931.3627999999999,4.483846151819811,1
2023-11-26,1907.95,47.75,2.56,54.64019691602899,1928.6127999999999,4.731527860952034,0
2023-11-27,1896.67,-11.27,-0.59,52.09178612721828,1926.2676000000001,4.9511399678556725,0
2023-11-28,1894.53,-2.17,-0.11,51.6000897670063,1924.2906,5.081964784225718,0
2023-11-29,1876.6,-17.93,-0.94,47.55030234740988,1921.853,5.097473235627467,0
2023-11-30,1858.53,-18.06,-0.96,43.8178412192448,1919.1552000000001,4.718072531596656,0
2023-12-03,1851.23,-7.29,-0.39,42.37087357563416,1916.368,4.362054213389215,0
2023-12-04,1847.81,-3.42,-0.18,41.67650970943774,1914.1085999999998,4.368415628564423,0
2023-12-05,1837.71,-10.1,-0.54,39.61195713835348,1911.5062,4.416720517437188,1
2023-12-06,1841.04,3.33,0.18,40.6557652847748,1909.0996,4.491073773322991,1
2023-12-07,1852.77,11.73,0.63,44.307544842713085,1907.506,4.4983939241794735,1
2023-12-10,1963.98,111.2,6.0,65.79685800534486,1907.9319999999998,6.657466241708726,0
2023-12-11,1948.57,-15.4,-0.78,62.214560193842566,1907.1636,7.461497403497715,1
2023-12-12,1985.44,36.86,1.89,66.86316606191758,1907.521,9.079739912112569,1
2023-12-13,1988.04,2.6,0.13,67.16989546106663,1907.1406,10.359239459470555,1
2023-12-14,1994.6,6.55,0.32,67.97535529368048,1907.7344,11.477644981180983,1
2023-12-17,2022.35,27.75,1.39,71.19483585817623,1908.7978,12.781793079849399,1
2023-12-18,2060.49,38.14,1.88,74.9258739042324,1910.299,14.507753189266609,1
2023-12-19,2106.48,45.98,2.23,78.53610685088225,1911.8329999999999,16.451420923713634,1
2023-12-20,2141.87,35.39,1.68,80.82415785841162,1914.4633999999999,18.69055551755448,0
2023-12-21,2109.1,-32.77,-1.53,73.05801080663778,1916.5564000000002,19.70974959981288,0
2023-12-24,2088.07,-21.03,-0.99,68.50858159303758,1917.8596000000002,20.44846441452125,0
2023-12-27,2070.84,-17.23,-0.82,64.94049526498038,1919.1904000000002,20.727942074059655,0
2023-12-28,2068.9,-1.93,-0.09,64.53295262962361,1921.1463999999999,20.814989495000113,0
2024-01-01,2060.15,-8.75,-0.42,62.624025115475575,1922.8236000000002,20.50293113553718,0
2024-01-02,2030.1,-30.05,-1.45,56.44840358913801,1924.2512,19.64084745257601,1
2024-01-03,2058.0,27.9,1.37,60.35724403593126,1926.0518,18.5879996087406,0
2024-01-04,2049.28,-8.71,-0.42,58.58736021236347,1927.899,17.15032020424463,0
2024-01-07,2022.92,-26.36,-1.28,53.48189040002138,1929.9325999999999,15.08603983805008,1
2024-01-08,2059.49,36.57,1.8,58.84065276447713,1932.9492,12.608199156198962,1
2024-01-09,2080.12,20.62,1.0,61.5327603696019,1936.7597999999998,9.6677343113936,1
2024-01-10,2089.62,9.5,0.45,62.741299457010896,1940.6570000000002,9.082539544752134,0
2024-01-11,2088.99,-0.62,-0.03,62.60083984464085,1944.9447999999998,7.912534307941509,1
2024-01-14,2120.62,31.62,1.51,66.63897348353947,1950.3286,7.5887916239445,1
2024-01-16,2175.17,54.54,2.57,72.21162873747846,1956.5396000000003,8.063349227915557,0
2024-01-17,2163.06,-12.1,-0.55,69.43857894723823,1961.6430000000003,8.021481988502092,0
2024-01-18,2155.82,-7.24,-0.33,67.76316052363072,1966.6825999999999,8.070946453321493,0
2024-01-21,2130.18,-25.63,-1.18,62.05298716831394,1971.7732,8.114751410600176,0
2024-01-22,2098.69,-31.49,-1.47,55.83046815484014,1976.1730000000002,8.099873241807947,0
2024-01-23,2098.29,-0.4,-0.01,55.75398751949866,1980.8508,7.826857889173498,0
2024-01-24,2088.04,-10.25,-0.48,53.723082115009134,1985.4404000000002,7.790172051286402,0
2024-01-25,2084.09,-3.94,-0.18,52.92303345054733,1990.1682,7.794318157003882,1
2024-01-28,2094.46,10.37,0.49,54.82507192716588,1995.5328,7.747857292217347,1
2024-01-29,2104.72,10.26,0.48,56.68954806912572,2000.6763999999998,7.699819923405907,1
2024-01-30,2119.61,14.88,0.7,59.31398724481653,2005.8934,7.629539668599221,0
2024-01-31,2097.93,-21.67,-1.02,54.1672732610148,2010.5732,7.059214972678286,0
2024-02-01,2067.01,-30.92,-1.47,47.79725391563352,2014.8718,6.972199283939987,0
2024-02-04,2061.7,-5.31,-0.25,46.77982955600268,2019.0362,6.8256860301818945,1
2024-02-05,2076.27,14.57,0.7,49.929266060483464,2023.9686,6.03968769325406,1
2024-02-06,2085.71,9.44,0.45,51.91474658292157,2028.6762000000003,5.789501862451303,1
2024-02-07,2090.64,4.92,0.23,52.96374307509406,2033.285,5.725710997816251,1
2024-02-08,2096.32,5.68,0.27,54.203344285099114,2037.0523999999998,5.699960312793297,0
2024-02-11,2085.82,-10.5,-0.5,51.501296374111455,2040.8354000000002,5.717819316079929,1
2024-02-12,2101.16,15.33,0.73,55.02845893856984,2044.9679999999998,5.679306693556572,0
2024-02-13,2070.59,-30.56,-1.45,47.59913686043607,2048.8478,4.9139939846271234,1
2024-02-14,2076.5,5.91,0.28,49.03178001133026,2053.2072,4.1043152180179625,0
2024-02-15,2062.03,-14.46,-0.69,45.73482980498175,2057.4232,3.3235917659630623,0
2024-02-18,2034.82,-27.21,-1.31,40.25353181210547,2061.1634,3.5655523381680383,0
2024-02-20,2033.06,-1.76,-0.08,39.920260050436966,2065.0703999999996,4.113785626076138,0
2024-02-21,2026.59,-6.46,-0.31,38.65331559558218,2068.7814000000003,4.64257472212337,0
2024-02-22,2005.83,-20.76,-1.02,34.83328851140037,2071.8426,5.519727268600967,0
2024-02-25,1979.02,-26.81,-1.33,30.624110263470655,2072.1434,6.794580264535734,1
2024-02-26,1992.3,13.28,0.67,34.82525937653541,2073.018,7.419885887446674,1
2024-02-27,2001.64,9.34,0.46,37.68348288905123,2073.3419999999996,7.635388205279598,0
2024-02-28,2000.77,-0.87,-0.04,37.518431717159984,2073.5966,7.510660059188708,0
2024-02-29,1972.09,-28.68,-1.43,32.46961813513337,2073.1463999999996,7.972048521296891,0
2024-03-03,1960.3,-11.78,-0.59,30.64400193229696,2071.9054,8.720742847119944,1
2024-03-04,2078.0,117.7,6.0,56.77344926474199,2072.2556,8.819972562022862,0
2024-03-05,2007.69,-70.31,-3.38,45.69784896064803,2070.2798000000003,8.801536365702667,1
2024-03-06,2017.03,9.33,0.46,47.172193660177314,2067.7830000000004,8.586940527713088,1
2024-03-07,2030.55,13.51,0.67,49.317335135774016,2066.212,8.218937302051984,1
2024-03-10,2052.65,22.1,1.08,52.69851594181963,2065.5036,7.761221964138149,1
2024-03-12,2111.21,58.55,2.85,60.26326624481243,2066.311,8.179567356796937,0
2024-03-13,2108.72,-2.48,-0.11,59.82515277130182,2067.1074,8.309752515827455,0
2024-03-14,2080.87,-27.84,-1.32,55.00820484951247,2067.5218,8.41347684643026,0
2024-03-17,2070.25,-10.62,-0.51,53.24755966144381,2068.3248000000003,8.354143950490158,1
2024-03-18,2073.53,3.27,0.15,53.74003409626877,2068.6354,8.447875116504438,0
2024-03-19,2067.29,-6.24,-0.3,52.60476217483136,2068.9956,8.576952145634992,0
2024-03-20,2063.95,-3.34,-0.16,51.97188851943436,2069.8161999999998,8.669182702870897,0
2024-03-21,2048.57,-15.37,-0.74,49.045794462816346,2069.5978,8.67436902714652,0
2024-03-25,2031.55,-17.01,-0.83,45.961859049807586,2068.6264,8.564969245451728,1
2024-03-26,2041.7,10.14,0.49,48.05935907368095,2067.6679999999997,8.139013309509682,0
2024-03-27,2030.86,-10.83,-0.53,46.005551553366644,2066.5054,7.854552858593306,1
2024-03-28,2035.64,4.78,0.23,47.07951349382029,2064.8058,7.6406529663662015,0
2024-03-31,2018.33,-17.3,-0.85,43.690446749849755,2061.669,7.481630439475396,0
2024-04-01,2012.07,-6.26,-0.31,42.49896216246812,2058.6492,6.901339831812549,0
2024-04-02,2010.21,-1.85,-0.09,42.13131581085887,2055.737,5.960705282612779,0
2024-04-03,2006.78,-3.43,-0.17,41.419733577393195,2053.269,6.0921029413713645,0
2024-04-04,2004.05,-2.73,-0.13,40.82866420625167,2051.3762,6.138167672847563,1
2024-04-07,2026.81,22.75,1.13,47.548838786004026,2049.9466,6.06282998792066,1
2024-04-09,2036.01,9.19,0.45,50.01980811125935,2048.906,6.039380303648996,0
2024-04-10,2025.3,-10.71,-0.52,47.23035064700345,2047.7302,6.102796648888718,0
2024-04-14,2023.35,-2.35,-0.11,46.71948628803772,2046.3080000000002,5.404212039588139,0
2024-04-15,2006.52,-16.82,-0.83,42.45160137054682,2044.344,4.6587435234392895,0
2024-04-16,1991.71,-14.81,-0.73,39.06934590121263,2041.786,4.562712355189514,0
2024-04-18,1972.14,-19.56,-0.98,35.09078619991821,2039.2702,4.880138798681285,1
2024-04-21,1984.43,12.29,0.62,39.27309978765421,2037.6186000000002,4.713370633573652,0
2024-04-22,1969.02,-15.41,-0.77,36.12963062185198,2035.765,4.775776121401586,1
2024-04-24,1969.17,0.15,0.0,36.18317606455773,2033.6229999999998,4.708949788843711,0
2024-04-25,1965.93,-3.24,-0.16,35.49105755968914,2031.2274,4.81817845546295,1
2024-04-28,1980.27,14.33,0.72,40.8810631479207,2029.02,4.843055122287594,1
2024-04-29,1980.34,0.07,0.0,40.90701920752442,2026.7004000000002,4.669440887338756,1
2024-04-30,2006.28,25.93,1.3,49.71725860755031,2025.1096,4.492976561691126,0
2024-05-02,1998.96,-7.31,-0.36,47.562292783877766,2023.0656,4.210493924208327,0
2024-05-05,1974.37,-24.58,-1.23,41.11515083851571,2021.1412,4.255409741073509,0
2024-05-06,1958.75,-15.62,-0.79,37.626147478715275,2018.7862,4.516247696295246,1
2024-05-07,1960.81,2.06,0.1,38.36894420602274,2016.7618,4.68996078065077,0
2024-05-08,1960.6,-0.21,-0.01,38.3188466431411,2015.2774000000002,4.836483456578819,1
2024-05-09,1966.23,5.63,0.28,40.559591056375886,2013.9408,4.898559174190158,1
2024-05-12,1974.5,8.26,0.42,43.789843255692475,2012.899,4.589347490729826,1
2024-05-13,1998.89,24.39,1.23,52.06373458694586,2012.7602,4.012178071988998,1
2024-05-14,2027.51,28.62,1.43,59.58192256673818,2013.73,4.059802419910996,0
2024-05-15,2017.97,-9.54,-0.47,56.406222841202094,2014.2434,3.958536361453169,1
2024-05-16,2018.76,0.79,0.03,56.61245358588316,2014.5858,4.136314007354434,1
2024-05-19,2064.45,45.69,2.26,66.48706693514208,2015.8594,5.435805828940594,1
2024-05-20,2092.0,27.54,1.33,70.80216601001632,2018.2576000000001,7.031963207469947,1
2024-05-21,2115.94,23.94,1.14,73.9419996896691,2021.3704,8.788169509385629,1
2024-05-22,2131.49,15.54,0.73,75.76501257390142,2022.4402,10.313134219261071,0
2024-05-26,2109.34,-22.14,-1.03,68.42202799676103,2024.4731999999997,10.993598715685668,1
2024-05-27,2113.27,3.93,0.18,68.99617447312106,2026.398,11.486376458420796,0
2024-05-29,2089.42,-23.81,-1.12,61.66825566065178,2027.5753999999997,11.631661112846336,0
2024-05-30,2069.53,-19.89,-0.95,56.29817242500685,2027.9129999999998,11.527160780993409,1
2024-06-02,2083.04,13.51,0.65,58.91518572847262,2027.3496,11.63710050120597,0
2024-06-03,2079.07,-3.97,-0.19,57.81946409977338,2026.7566,11.623804638489052,1
2024-06-04,2085.3,6.22,0.29,59.10483129175515,2026.8452,11.3476304615194,0
2024-06-05,2079.71,-5.58,-0.26,57.41422277586614,2027.0344,10.695188383950791,0
2024-06-06,2077.78,-1.93,-0.09,56.810030350893136,2027.1194,9.901409206693884,0
2024-06-09,2073.19,-4.59,-0.22,55.31905454958234,2027.2374000000002,8.889897136025782,1
2024-06-10,2082.09,8.9,0.42,57.64049959558014,2027.6002,7.769006580628314,1
2024-06-11,2115.24,33.15,1.59,64.9460261119221,2028.9335999999998,6.739485913855151,1
2024-06-12,2121.62,6.37,0.3,66.15580690623553,2030.735,6.045092706257011,0
2024-06-13,2112.29,-9.32,-0.43,62.74546875581399,2032.1468,5.6444545638316805,0
2024-06-16,2095.25,-17.04,-0.8,56.969262412256896,2033.4345999999998,4.766223831527083,0
2024-06-18,2076.49,-18.76,-0.89,51.363172038100885,2034.2516,3.6503891470742236,1
2024-06-19,2078.76,2.27,0.1,51.97895659999649,2035.4602,3.4876118689105713,0
2024-06-20,2068.31,-10.44,-0.5,48.90903180876986,2036.585,3.6507015001564787,0
2024-06-23,2062.94,-5.37,-0.25,47.36105577564314,2037.6396,3.710443295580019,1
2024-06-24,2066.16,3.21,0.15,48.415350230370144,2038.8272,3.3689898418084314,1
2024-06-25,2071.77,5.6,0.27,50.28364627525858,2040.1816000000001,3.277322614049287,0
2024-06-26,2060.16,-11.6,-0.56,46.52792835719374,2040.8485999999998,3.191246070080235,0
2024-06-27,2051.92,-8.24,-0.4,44.015183484747936,2041.1668000000002,3.420412905073326,0
2024-06-30,2037.09,-14.83,-0.72,39.84454823875761,2041.4026000000001,3.8586568230314797,1
2024-07-01,2053.38,16.29,0.8,45.90771655029058,2042.0032,4.000679672047799,1
2024-07-02,2100.43,47.04,2.29,58.81844167519667,2043.8814000000002,4.113597471392194,1
2024-07-03,2104.22,3.79,0.18,59.653817747029045,2046.1316,4.24404633625096,1
2024-07-04,2119.7,15.46,0.73,62.958881050578384,2049.0828,4.5631762223931025,1
2024-07-07,2140.97,21.27,1.0,66.96342915402383,2052.2136,5.1856973415992345,0
2024-07-08,2136.35,-4.62,-0.21,65.31177144171737,2055.5602000000003,5.5785904609628405,1
2024-07-09,2152.14,15.79,0.73,68.1987977461222,2059.2196000000004,6.171833869392622,1
2024-07-10,2175.4,23.25,1.08,71.9078719498515,2063.409,7.03679297751033,1
2024-07-11,2204.61,29.21,1.34,75.7352726248476,2067.8958,8.334042879611946,1
2024-07-14,2257.59,52.97,2.4,80.83542881427675,2073.4408,10.603741350601279,0
2024-07-15,2240.41,-17.18,-0.76,75.30774026699926,2078.1234,11.921046018557327,1
2024-07-16,2310.59,70.18,3.13,81.018028430192,2084.356,14.232770643530273,1
2024-07-17,2364.63,54.04,2.33,84.07247270477124,2092.1612,17.02217129915201,1
2024-07-18,2424.32,59.68,2.52,86.63134951557366,2101.4725999999996,20.139094276893275,1
2024-07-21,2485.94,61.61,2.54,88.65727402814318,2111.9752,23.464875550178952,1
2024-07-22,2488.09,2.15,0.08,88.72149673541135,2122.525,25.766318037135438,1
2024-07-23,2563.43,75.33,3.02,90.70710675750897,2134.469,28.608910135405118,0
2024-07-24,2536.11,-27.32,-1.06,84.87202665981059,2145.7012,29.928516621184148,1
2024-07-25,2568.11,32.0,1.26,86.00744643055424,2157.0856,30.903057651179417,1
2024-07-28,2681.56,113.42,4.41,89.12405304326171,2170.1666,32.62469865314201,0
2024-07-29,2661.09,-20.46,-0.76,85.42681633050633,2183.029,33.19885073065439,1
2024-07-30,2696.65,35.55,1.33,86.47636899126897,2196.5868,34.00190361643444,1
2024-07-31,2760.9,64.25,2.38,88.138567875956,2210.5157999999997,34.885768230681364,0
2024-08-01,2755.62,-5.29,-0.19,87.19014386106718,2223.7882,35.00822827795116,1
2024-08-05,2796.38,40.76,1.47,88.2419968846163,2237.397,35.09018853077121,0
2024-08-06,2651.32,-145.05,-5.18,67.11903955605925,2247.7936,33.118654469802685,1
2024-08-07,2759.67,108.35,4.08,72.42804203213569,2260.8002,31.5750790426264,1
2024-08-08,2766.38,6.7,0.24,72.72178178178767,2273.8624,29.703299085771285,1
2024-08-11,2860.91,94.46,3.41,76.51732921566472,2289.2922,28.44422719692626,1
2024-08-12,2931.65,70.81,2.47,78.88504056727878,2306.5346000000004,27.973094815630823,0
2024-08-13,2923.46,-8.18,-0.27,77.9056548219078,2323.343,26.155032988925687,1
2024-08-14,2957.75,34.29,1.17,79.07691431998644,2340.9166,24.95072477541078,1
2024-08-15,3000.81,43.05,1.45,80.47656435700657,2359.2268,24.23745815423814,0
2024-08-18,2966.33,-34.48,-1.15,76.08737571326895,2376.9592,23.221863488965354,1
2024-08-21,2968.44,2.11,0.07,76.1730171123929,2394.7724,22.453290752156445,1
2024-08-22,2974.46,6.01,0.2,76.43235821993116,2412.7978,21.207579984354485,0
2024-08-25,2894.57,-79.88,-2.68,66.14344032208156,2429.0474,19.961862969191316,0
2024-08-27,2782.6,-111.96,-3.86,54.97373688965769,2442.3946,17.868952302906518,1
2024-08-28,2786.4,3.8,0.13,55.24993148030992,2455.6902,15.907845416220168,0
2024-08-29,2749.57,-36.83,-1.32,51.925389421311074,2468.4358,15.390076736825828,0
2024-09-01,2695.93,-53.63,-1.95,47.44738890657769,2480.4494,15.027723328849396,1
2024-09-02,2823.25,127.32,4.72,56.93973598370653,2495.3846,14.333249969462827,1
2024-09-03,2830.16,6.9,0.24,57.389579260100206,2510.4126,14.091389426070533,0
2024-09-04,2739.46,-90.73,-3.2,50.00520528648868,2523.8356,14.203733245914352,0
2024-09-05,2727.36,-12.1,-0.44,49.097586343876834,2537.124,14.598246032820681,0
2024-09-08,2701.9,-25.46,-0.93,47.15803298878479,2549.8388,14.010005727249073,0
2024-09-09,2646.03,-55.86,-2.06,43.13141652052575,2561.324,15.095908296804888,0
2024-09-10,2632.94,-13.09,-0.49,42.22178227128301,2572.7796000000003,16.264239498569495,0
2024-09-11,2610.21,-22.73,-0.86,40.61980840992846,2583.9453999999996,17.643596934501666,1
2024-09-12,2688.53,78.31,3.0,47.94825731777605,2596.9741999999997,17.733947449522958,0
2024-09-15,2637.79,-50.73,-1.88,44.14694467851668,2608.6623999999997,18.106324465974524,0
2024-09-16,2580.76,-57.03,-2.16,40.281463237680626,2618.269,18.48698943123456,0
2024-09-18,2576.76,-4.0,-0.15,40.016804250536865,2627.7198,17.955162065756106,1
2024-09-22,2588.35,11.58,0.44,41.22185520337941,2637.0928000000004,17.250934932527613,0
2024-09-23,2529.33,-59.02,-2.28,37.131010175495966,2644.86,16.600040546253595,0
2024-09-24,2470.39,-58.93,-2.33,33.55023785833244,2651.5408,15.891820373301288,1
2024-09-25,2519.57,49.18,1.99,38.84936107534563,2658.8894,15.140734819246326,0
2024-09-26,2486.76,-32.81,-1.3,36.744124619501136,2665.1166000000003,15.742571776051376,0
2024-09-29,2464.4,-22.36,-0.89,35.33866804970623,2670.3124,16.24631754452237,1
2024-09-30,2508.86,44.45,1.8,40.23383238023564,2675.3378000000002,16.31640081442987,1
2024-10-01,2623.56,114.7,4.57,50.61994132583491,2683.0008000000003,16.138261106015015,0
2024-10-02,2597.49,-26.07,-0.99,48.55460771979584,2688.7388,14.537948804208128,1
2024-10-06,2653.58,56.09,2.15,52.997993909968194,2694.5178,12.44880479662393,1
2024-10-07,2690.72,37.13,1.39,55.72488869991257,2699.8457999999996,11.904641662078806,0
2024-10-08,2663.32,-27.39,-1.01,53.26947999142363,2703.3933999999995,11.261040087202202,1
2024-10-09,2668.17,4.85,0.18,53.65872088266913,2706.995,10.934343493872827,1
2024-10-15,2699.66,31.48,1.17,56.209169795217946,2709.7196000000004,11.378177216799044,1
2024-10-16,2742.88,43.22,1.6,59.50347024801219,2713.8550000000005,12.348742035421076,1
2024-10-17,2745.36,2.47,0.09,59.69085541527868,2717.4,13.242412388733976,0
2024-10-20,2697.91,-47.44,-1.72,54.495150505209416,2717.7270000000003,13.311682334748612,0
2024-10-21,2639.92,-57.99,-2.14,48.893808190957294,2717.3035999999997,13.317072550303378,1
2024-10-22,2665.81,25.88,0.98,51.300510062827,2716.6868000000004,13.398316212250046,0
2024-10-23,2645.39,-20.41,-0.76,49.32742595237247,2714.3765999999996,13.367043243015345,0
2024-10-24,2627.14,-18.25,-0.68,47.56659448900636,2711.8070000000002,13.328964259028142,0
2024-10-27,2617.95,-9.19,-0.34,46.663273983495685,2708.2383999999997,12.948171421267107,1
2024-10-28,2645.36,27.41,1.04,49.72968005613079,2708.1192000000005,11.791835821781204,1
2024-10-29,2692.05,46.69,1.76,54.52557889136969,2706.7668,11.25916271564287,0
2024-10-30,2677.62,-14.43,-0.53,52.847509071275255,2704.9916,9.95617393433707,0
2024-11-05,2677.4,-0.21,0.0,52.82081862088739,2701.3213999999994,7.643987606089158,0
2024-11-06,2675.51,-1.88,-0.07,52.57515787137521,2696.1985999999997,5.609043804525682,1
2024-11-10,2738.06,62.54,2.33,59.31853464882256,2692.4906,5.834933008420585,1
2024-11-11,2760.21,22.14,0.8,61.411036018955286,2688.5398,5.8704312142243396,0
2024-11-12,2748.96,-11.24,-0.4,59.73057164594229,2683.5028,6.170941870539591,0
2024-11-13,2734.83,-14.12,-0.51,57.5986581720333,2678.8727999999996,6.366183312537521,1
2024-11-14,2748.78,13.95,0.51,59.148879149185476,2674.4796,6.585457954374164,1
2024-11-17,2753.76,4.98,0.18,59.71511319058216,2670.0656,6.805482656385011,0
2024-11-19,2702.65,-51.11,-1.85,51.78218391231641,2666.2272000000003,6.807208452902867,1
2024-11-20,2711.75,9.09,0.33,52.97989780247636,2664.8102000000003,6.652175088129949,0
2024-11-21,2680.44,-31.31,-1.15,48.51465709988023,2662.6910000000003,6.450276759325645,0
2024-11-24,2667.4,-13.03,-0.48,46.74751491400492,2661.0476,6.4990044147896775,1
2024-11-25,2683.24,15.83,0.59,49.169573008025914,2660.7938,6.268677491021954,1
2024-11-26,2716.66,33.41,1.24,53.93052588279773,2658.6620000000003,6.238110586979572,1
2024-11-27,2756.36,39.7,1.46,58.860026010017215,2657.1859999999997,6.280625221223278,0
2024-11-28,2748.05,-8.3,-0.3,57.47373549228899,2657.3578,5.914720857076397,0
2024-12-01,2738.06,-9.99,-0.36,55.773113313209905,2657.5717999999997,5.149029210785578,1
2024-12-02,2758.04,19.97,0.72,58.42287919707109,2658.6946000000003,4.795160552094607,1
2024-12-03,2775.85,17.8,0.64,60.684097557850414,2661.2909999999997,5.033877806402997,0
2024-12-04,2750.87,-24.97,-0.89,56.07740530464937,2663.6496,4.863425654142802,0
2024-12-05,2734.93,-15.93,-0.57,53.297063738930824,2666.1440000000002,4.575115863452397,0
2024-12-08,2689.0,-45.93,-1.67,46.19055585734846,2666.1534,4.421687954260728,0
2024-12-09,2676.15,-12.84,-0.47,44.40656942214536,2666.9206,4.73557432574607,0
2024-12-10,2669.82,-6.32,-0.23,43.51498501752104,2668.7018,4.935480657267126,1
2024-12-11,2715.71,45.88,1.71,51.16931357481897,2671.4808000000003,4.85863166413198,0
2024-12-12,2682.29,-33.42,-1.23,46.25353969987051,2673.3596000000002,4.9874386122198375,0
2024-12-16,2630.91,-51.37,-1.91,39.90615867852213,2675.3912,5.607463819401097,1
2024-12-17,2633.87,2.95,0.11,40.41347628956734,2678.6608,5.965476952371724,0
2024-12-18,2628.26,-5.6,-0.21,39.72891473057848,2680.8345999999997,6.481254957313348,0
2024-12-19,2596.82,-31.43,-1.19,36.04402927774244,2683.0357999999997,7.322715829149318,0
2024-12-22,2583.29,-13.53,-0.52,34.558529839795824,2685.4136,8.196959011844282,1
2024-12-23,2612.2,28.91,1.11,40.22715886021344,2687.4804000000004,8.573709108479937,1
2024-12-24,2626.31,14.11,0.54,42.830052300208855,2687.5354,8.820862727769791,1
2024-12-26,2630.71,4.19,0.15,43.65404914323023,2688.1998,8.946169780829834,0
2024-12-29,2609.58,-21.12,-0.8,40.625802725713136,2687.3197999999998,8.883103793178835,0
2024-12-31,2576.5,-33.08,-1.26,36.37193683076328,2685.0353999999998,9.08278280363526,1
2025-01-01,2581.6,5.1,0.19,37.459199885228514,2683.401,9.152525390079855,1
2025-01-02,2586.23,4.63,0.17,38.48685958336285,2681.7622,8.783442078785493,1
2025-01-05,2591.56,5.32,0.2,39.7149391266025,2679.6002000000003,7.828860765171745,1
2025-01-06,2640.68,49.12,1.89,49.68450370517812,2677.5562,6.83868071921412,1
2025-01-07,2646.84,6.16,0.23,50.78371789887538,2675.5857999999994,5.920750926105697,1
2025-01-08,2653.23,6.38,0.24,51.95624355118834,2674.6922000000004,5.626538770327811,0
2025-01-09,2635.09,-18.14,-0.68,48.42896433492025,2674.5956,5.388815673817121,0
2025-01-12,2609.67,-25.41,-0.96,43.92836753884878,2673.4728000000005,5.201370784786157,0
2025-01-13,2594.13,-15.54,-0.59,41.395688330475075,2672.4476,4.1731426231977276,1
2025-01-15,2595.96,1.83,0.07,41.82107664871539,2671.824,3.558030102249025,0
2025-01-16,2588.62,-7.33,-0.28,40.54970267213902,2671.2374,3.593508065456566,1
2025-01-19,2601.21,12.58,0.48,43.710659900978506,2670.3544,3.5170030435450355,1
2025-01-20,2607.99,6.78,0.26,45.394457784965496,2668.6732,3.4554360929922936,1
2025-01-21,2613.08,5.08,0.19,46.6838798911982,2667.3824,3.432900812558162,1
2025-01-22,2665.45,52.36,2.0,57.74069834175546,2667.1433999999995,3.7772699039568405,0
2025-01-23,2654.35,-11.1,-0.41,55.130986862774044,2666.7202,4.013359522204922,0
2025-01-26,2643.93,-10.41,-0.39,52.72201415013391,2664.8376000000003,4.109576296518064,0
2025-01-27,2633.27,-10.66,-0.4,50.30052354452207,2662.2988,4.120720351998554,1
2025-01-28,2657.77,24.5,0.93,55.373650393682944,2660.475,4.330162705016417,1
2025-02-02,2727.58,69.8,2.62,66.01781243607383,2660.33,5.380241593362938,1
2025-02-03,2730.0,2.41,0.08,66.31773135418803,2659.9544,6.129691706252094,0
2025-02-04,2715.91,-14.08,-0.51,62.84020498585665,2659.1974,6.446276265048734,0
2025-02-05,2711.45,-4.45,-0.16,61.736653989027815,2659.3734000000004,6.603809645447756,0
2025-02-06,2699.81,-11.64,-0.42,58.832784950338095,2659.1346000000003,6.822025294781965,0
2025-02-09,2688.31,-11.49,-0.42,56.02880538292531,2659.292,6.935235090258342,0
2025-02-10,2677.32,-10.98,-0.4,53.409084012901495,2659.4904000000006,6.9845665915723085,1
2025-02-11,2683.86,6.54,0.24,54.76454627304373,2659.5028,7.023302714667383,1
2025-02-12,2685.73,1.86,0.06,55.16618943306888,2658.8842,6.899606245846643,0
2025-02-13,2678.47,-7.26,-0.27,53.191567700922526,2657.3264,6.540168031859279,1
2025-02-16,2698.03,19.56,0.73,57.595492208699916,2656.3259999999996,6.192933144404118,1
2025-02-17,2727.91,29.87,1.1,63.27911599787556,2656.123,5.831237180307106,1
2025-02-18,2740.59,12.68,0.46,65.3986007762382,2655.7740000000003,5.6083272914112285,1
2025-02-20,2743.74,3.14,0.11,65.92477776928258,2655.1318,5.331032848891064,1
2025-02-23,2755.4,11.66,0.42,67.87233418601824,2655.2224,5.071283396123969,1
2025-02-24,2758.75,3.35,0.12,68.43060957952406,2655.6988,5.334655994463051,1
2025-02-25,2765.88,7.13,0.25,69.63982315917828,2657.2364000000002,5.475242698101863,1
2025-02-27,2815.04,49.15,1.77,76.36253801178228,2660.0141999999996,6.070904218900518,1
2025-03-02,2890.28,75.24,2.67,82.68284884811604,2664.4233999999997,7.6782162657213995,0
2025-03-03,2876.66,-13.62,-0.47,78.58648555803074,2667.6423999999997,8.627459997424888,0
2025-03-04,2846.3,-30.36,-1.05,70.233586673934,2670.9226,9.250399736868703,0
